Datetime,Close,High,Low,Open,Volume
2025-03-13 04:00:00+00:00,67.6500015258789,67.66000366210938,67.6500015258789,67.6500015258789,0.0
2025-03-13 04:01:00+00:00,67.63999938964844,67.63999938964844,67.63999938964844,67.63999938964844,13.0
2025-03-13 04:02:00+00:00,67.66000366210938,67.66999816894531,67.6500015258789,67.6500015258789,53.0
2025-03-13 04:03:00+00:00,67.6500015258789,67.66000366210938,67.6500015258789,67.6500015258789,11.0
2025-03-13 04:04:00+00:00,67.6500015258789,67.6500015258789,67.6500015258789,67.6500015258789,2.0
2025-03-13 04:05:00+00:00,67.63999938964844,67.6500015258789,67.63999938964844,67.6500015258789,8.0
2025-03-13 04:06:00+00:00,67.62999725341797,67.62999725341797,67.62999725341797,67.62999725341797,5.0
2025-03-13 04:07:00+00:00,67.61000061035156,67.62999725341797,67.61000061035156,67.62999725341797,22.0
2025-03-13 04:08:00+00:00,,,,,
2025-03-13 04:09:00+00:00,67.62000274658203,67.62000274658203,67.61000061035156,67.62000274658203,16.0
2025-03-13 04:10:00+00:00,67.62999725341797,67.62999725341797,67.62999725341797,67.62999725341797,5.0
2025-03-13 04:11:00+00:00,67.63999938964844,67.63999938964844,67.62000274658203,67.62999725341797,26.0
2025-03-13 04:12:00+00:00,67.63999938964844,67.6500015258789,67.63999938964844,67.63999938964844,12.0
2025-03-13 04:13:00+00:00,,,,,
2025-03-13 04:14:00+00:00,67.62999725341797,67.6500015258789,67.62999725341797,67.63999938964844,8.0
2025-03-13 04:15:00+00:00,67.62000274658203,67.62000274658203,67.62000274658203,67.62000274658203,7.0
2025-03-13 04:16:00+00:00,,,,,
2025-03-13 04:17:00+00:00,67.61000061035156,67.61000061035156,67.61000061035156,67.61000061035156,6.0
2025-03-13 04:18:00+00:00,,,,,
2025-03-13 04:19:00+00:00,67.58000183105469,67.61000061035156,67.58000183105469,67.61000061035156,17.0
2025-03-13 04:20:00+00:00,67.5999984741211,67.5999984741211,67.58999633789062,67.58999633789062,11.0
2025-03-13 04:21:00+00:00,67.58999633789062,67.58999633789062,67.58000183105469,67.58000183105469,10.0
2025-03-13 04:22:00+00:00,67.58000183105469,67.58999633789062,67.58000183105469,67.58999633789062,7.0
2025-03-13 04:23:00+00:00,67.56999969482422,67.58000183105469,67.56999969482422,67.58000183105469,26.0
2025-03-13 04:24:00+00:00,67.56999969482422,67.56999969482422,67.56999969482422,67.56999969482422,5.0
2025-03-13 04:25:00+00:00,67.58000183105469,67.58000183105469,67.56999969482422,67.56999969482422,16.0
2025-03-13 04:26:00+00:00,67.58000183105469,67.58000183105469,67.56999969482422,67.56999969482422,5.0
2025-03-13 04:27:00+00:00,67.58000183105469,67.58000183105469,67.56999969482422,67.56999969482422,13.0
2025-03-13 04:28:00+00:00,67.56999969482422,67.58000183105469,67.56999969482422,67.58000183105469,4.0
2025-03-13 04:29:00+00:00,67.56999969482422,67.56999969482422,67.56999969482422,67.56999969482422,4.0
2025-03-13 04:30:00+00:00,67.55999755859375,67.56999969482422,67.55999755859375,67.56999969482422,10.0
2025-03-13 04:31:00+00:00,67.56999969482422,67.56999969482422,67.55999755859375,67.55999755859375,10.0
2025-03-13 04:32:00+00:00,67.56999969482422,67.56999969482422,67.56999969482422,67.56999969482422,2.0
2025-03-13 04:33:00+00:00,67.56999969482422,67.56999969482422,67.56999969482422,67.56999969482422,5.0
2025-03-13 04:34:00+00:00,67.56999969482422,67.56999969482422,67.56999969482422,67.56999969482422,9.0
2025-03-13 04:35:00+00:00,67.58000183105469,67.58000183105469,67.56999969482422,67.56999969482422,9.0
2025-03-13 04:36:00+00:00,,,,,
2025-03-13 04:37:00+00:00,67.58000183105469,67.58000183105469,67.58000183105469,67.58000183105469,6.0
2025-03-13 04:38:00+00:00,67.58000183105469,67.58999633789062,67.58000183105469,67.58999633789062,3.0
2025-03-13 04:39:00+00:00,67.58000183105469,67.58000183105469,67.56999969482422,67.58000183105469,8.0
2025-03-13 04:40:00+00:00,67.56999969482422,67.56999969482422,67.56999969482422,67.56999969482422,2.0
2025-03-13 04:41:00+00:00,67.55999755859375,67.55999755859375,67.55999755859375,67.55999755859375,11.0
2025-03-13 04:42:00+00:00,67.56999969482422,67.56999969482422,67.56999969482422,67.56999969482422,12.0
2025-03-13 04:43:00+00:00,67.55000305175781,67.55999755859375,67.55000305175781,67.55999755859375,27.0
2025-03-13 04:44:00+00:00,67.56999969482422,67.56999969482422,67.55999755859375,67.55999755859375,19.0
2025-03-13 04:45:00+00:00,67.56999969482422,67.56999969482422,67.56999969482422,67.56999969482422,2.0
2025-03-13 04:46:00+00:00,67.58999633789062,67.5999984741211,67.56999969482422,67.56999969482422,46.0
2025-03-13 04:47:00+00:00,67.5999984741211,67.61000061035156,67.5999984741211,67.5999984741211,7.0
2025-03-13 04:48:00+00:00,67.61000061035156,67.61000061035156,67.5999984741211,67.5999984741211,8.0
2025-03-13 04:49:00+00:00,67.5999984741211,67.5999984741211,67.5999984741211,67.5999984741211,8.0
2025-03-13 04:50:00+00:00,67.61000061035156,67.61000061035156,67.5999984741211,67.5999984741211,14.0
2025-03-13 04:51:00+00:00,67.61000061035156,67.62000274658203,67.61000061035156,67.61000061035156,9.0
2025-03-13 04:52:00+00:00,67.61000061035156,67.62000274658203,67.61000061035156,67.62000274658203,7.0
2025-03-13 04:53:00+00:00,67.62000274658203,67.62999725341797,67.62000274658203,67.62000274658203,16.0
2025-03-13 04:54:00+00:00,67.62000274658203,67.62000274658203,67.62000274658203,67.62000274658203,6.0
2025-03-13 04:55:00+00:00,67.61000061035156,67.62999725341797,67.61000061035156,67.62000274658203,10.0
2025-03-13 04:56:00+00:00,67.61000061035156,67.61000061035156,67.61000061035156,67.61000061035156,8.0
2025-03-13 04:57:00+00:00,67.61000061035156,67.61000061035156,67.61000061035156,67.61000061035156,3.0
2025-03-13 04:58:00+00:00,67.61000061035156,67.61000061035156,67.61000061035156,67.61000061035156,6.0
2025-03-13 04:59:00+00:00,67.61000061035156,67.61000061035156,67.61000061035156,67.61000061035156,4.0
2025-03-13 05:00:00+00:00,67.58000183105469,67.5999984741211,67.58000183105469,67.5999984741211,15.0
2025-03-13 05:01:00+00:00,67.58000183105469,67.58999633789062,67.58000183105469,67.58999633789062,22.0
2025-03-13 05:02:00+00:00,67.58000183105469,67.58000183105469,67.58000183105469,67.58000183105469,4.0
2025-03-13 05:03:00+00:00,67.58000183105469,67.58000183105469,67.58000183105469,67.58000183105469,4.0
2025-03-13 05:04:00+00:00,67.58999633789062,67.58999633789062,67.58999633789062,67.58999633789062,4.0
2025-03-13 05:05:00+00:00,67.58999633789062,67.58999633789062,67.58999633789062,67.58999633789062,9.0
2025-03-13 05:06:00+00:00,,,,,
2025-03-13 05:07:00+00:00,67.58999633789062,67.58999633789062,67.58999633789062,67.58999633789062,1.0
2025-03-13 05:08:00+00:00,67.58999633789062,67.58999633789062,67.58000183105469,67.58000183105469,11.0
2025-03-13 05:09:00+00:00,67.58000183105469,67.58000183105469,67.58000183105469,67.58000183105469,5.0
2025-03-13 05:10:00+00:00,,,,,
2025-03-13 05:11:00+00:00,67.58000183105469,67.58000183105469,67.58000183105469,67.58000183105469,3.0
2025-03-13 05:12:00+00:00,67.55000305175781,67.56999969482422,67.55000305175781,67.55999755859375,16.0
2025-03-13 05:13:00+00:00,67.55000305175781,67.55000305175781,67.55000305175781,67.55000305175781,1.0
2025-03-13 05:14:00+00:00,,,,,
2025-03-13 05:15:00+00:00,67.54000091552734,67.55999755859375,67.54000091552734,67.55999755859375,11.0
2025-03-13 05:16:00+00:00,67.5199966430664,67.54000091552734,67.5199966430664,67.54000091552734,27.0
2025-03-13 05:17:00+00:00,67.54000091552734,67.55000305175781,67.5199966430664,67.5199966430664,42.0
2025-03-13 05:18:00+00:00,67.5199966430664,67.52999877929688,67.5199966430664,67.52999877929688,14.0
2025-03-13 05:19:00+00:00,67.5199966430664,67.5199966430664,67.5199966430664,67.5199966430664,12.0
2025-03-13 05:20:00+00:00,67.54000091552734,67.54000091552734,67.51000213623047,67.51000213623047,16.0
2025-03-13 05:21:00+00:00,67.54000091552734,67.54000091552734,67.54000091552734,67.54000091552734,6.0
2025-03-13 05:22:00+00:00,67.55000305175781,67.55000305175781,67.52999877929688,67.52999877929688,12.0
2025-03-13 05:23:00+00:00,67.55999755859375,67.55999755859375,67.55000305175781,67.55999755859375,10.0
2025-03-13 05:24:00+00:00,67.55999755859375,67.55999755859375,67.55000305175781,67.55000305175781,10.0
2025-03-13 05:25:00+00:00,67.54000091552734,67.55000305175781,67.54000091552734,67.55000305175781,11.0
2025-03-13 05:26:00+00:00,67.54000091552734,67.54000091552734,67.52999877929688,67.54000091552734,13.0
2025-03-13 05:27:00+00:00,67.54000091552734,67.54000091552734,67.54000091552734,67.54000091552734,1.0
2025-03-13 05:28:00+00:00,67.52999877929688,67.52999877929688,67.52999877929688,67.52999877929688,3.0
2025-03-13 05:29:00+00:00,67.5199966430664,67.54000091552734,67.51000213623047,67.52999877929688,30.0
2025-03-13 05:30:00+00:00,67.51000213623047,67.52999877929688,67.51000213623047,67.5199966430664,31.0
2025-03-13 05:31:00+00:00,67.51000213623047,67.5199966430664,67.51000213623047,67.5199966430664,22.0
2025-03-13 05:32:00+00:00,67.5199966430664,67.5199966430664,67.51000213623047,67.51000213623047,21.0
2025-03-13 05:33:00+00:00,,,,,
2025-03-13 05:34:00+00:00,67.5,67.51000213623047,67.5,67.51000213623047,29.0
2025-03-13 05:35:00+00:00,67.5,67.5,67.5,67.5,4.0
2025-03-13 05:36:00+00:00,67.51000213623047,67.51000213623047,67.48999786376953,67.48999786376953,24.0
2025-03-13 05:37:00+00:00,67.51000213623047,67.51000213623047,67.5,67.5,6.0
2025-03-13 05:38:00+00:00,67.5199966430664,67.5199966430664,67.5199966430664,67.5199966430664,6.0
2025-03-13 05:39:00+00:00,67.5199966430664,67.52999877929688,67.5199966430664,67.5199966430664,10.0
2025-03-13 05:40:00+00:00,67.5199966430664,67.52999877929688,67.5199966430664,67.5199966430664,24.0
2025-03-13 05:41:00+00:00,67.52999877929688,67.52999877929688,67.5199966430664,67.5199966430664,4.0
2025-03-13 05:42:00+00:00,67.55000305175781,67.55000305175781,67.52999877929688,67.52999877929688,29.0
2025-03-13 05:43:00+00:00,67.5199966430664,67.55000305175781,67.51000213623047,67.55000305175781,56.0
2025-03-13 05:44:00+00:00,67.51000213623047,67.5199966430664,67.51000213623047,67.5199966430664,9.0
2025-03-13 05:45:00+00:00,67.5199966430664,67.5199966430664,67.48999786376953,67.51000213623047,25.0
2025-03-13 05:46:00+00:00,67.52999877929688,67.52999877929688,67.51000213623047,67.5199966430664,15.0
2025-03-13 05:47:00+00:00,67.55000305175781,67.55000305175781,67.52999877929688,67.52999877929688,11.0
2025-03-13 05:48:00+00:00,67.55999755859375,67.55999755859375,67.55000305175781,67.55000305175781,5.0
2025-03-13 05:49:00+00:00,67.55999755859375,67.55999755859375,67.55999755859375,67.55999755859375,6.0
2025-03-13 05:50:00+00:00,67.55999755859375,67.55999755859375,67.55999755859375,67.55999755859375,13.0
2025-03-13 05:51:00+00:00,67.55999755859375,67.56999969482422,67.55999755859375,67.55999755859375,8.0
2025-03-13 05:52:00+00:00,67.55000305175781,67.55999755859375,67.55000305175781,67.55999755859375,15.0
2025-03-13 05:53:00+00:00,67.5199966430664,67.55999755859375,67.5199966430664,67.55000305175781,88.0
2025-03-13 05:54:00+00:00,67.51000213623047,67.52999877929688,67.5,67.51000213623047,75.0
2025-03-13 05:55:00+00:00,67.5199966430664,67.54000091552734,67.51000213623047,67.51000213623047,30.0
2025-03-13 05:56:00+00:00,67.52999877929688,67.52999877929688,67.52999877929688,67.52999877929688,4.0
2025-03-13 05:57:00+00:00,67.5,67.5199966430664,67.5,67.5199966430664,155.0
2025-03-13 05:58:00+00:00,67.48999786376953,67.5,67.4800033569336,67.5,45.0
2025-03-13 05:59:00+00:00,67.45999908447266,67.4800033569336,67.44999694824219,67.4800033569336,28.0
2025-03-13 06:00:00+00:00,67.47000122070312,67.4800033569336,67.45999908447266,67.45999908447266,24.0
2025-03-13 06:01:00+00:00,67.45999908447266,67.47000122070312,67.45999908447266,67.47000122070312,30.0
2025-03-13 06:02:00+00:00,67.47000122070312,67.4800033569336,67.47000122070312,67.47000122070312,41.0
2025-03-13 06:03:00+00:00,67.44999694824219,67.47000122070312,67.44000244140625,67.47000122070312,41.0
2025-03-13 06:04:00+00:00,67.43000030517578,67.44999694824219,67.43000030517578,67.44000244140625,17.0
2025-03-13 06:05:00+00:00,67.44000244140625,67.44999694824219,67.43000030517578,67.44000244140625,23.0
2025-03-13 06:06:00+00:00,67.44000244140625,67.44000244140625,67.44000244140625,67.44000244140625,13.0
2025-03-13 06:07:00+00:00,67.44000244140625,67.44000244140625,67.43000030517578,67.44000244140625,14.0
2025-03-13 06:08:00+00:00,67.44000244140625,67.44000244140625,67.41999816894531,67.44000244140625,51.0
2025-03-13 06:09:00+00:00,67.41999816894531,67.44000244140625,67.41000366210938,67.44000244140625,88.0
2025-03-13 06:10:00+00:00,67.44000244140625,67.44999694824219,67.41000366210938,67.41999816894531,71.0
2025-03-13 06:11:00+00:00,67.47000122070312,67.47000122070312,67.44999694824219,67.44999694824219,23.0
2025-03-13 06:12:00+00:00,67.44999694824219,67.4800033569336,67.44000244140625,67.47000122070312,25.0
2025-03-13 06:13:00+00:00,67.44000244140625,67.45999908447266,67.44000244140625,67.44999694824219,26.0
2025-03-13 06:14:00+00:00,67.45999908447266,67.45999908447266,67.44999694824219,67.44999694824219,6.0
2025-03-13 06:15:00+00:00,67.44999694824219,67.48999786376953,67.44000244140625,67.47000122070312,146.0
2025-03-13 06:16:00+00:00,67.44999694824219,67.4800033569336,67.44999694824219,67.44999694824219,30.0
2025-03-13 06:17:00+00:00,67.45999908447266,67.47000122070312,67.44999694824219,67.44999694824219,21.0
2025-03-13 06:18:00+00:00,67.44999694824219,67.45999908447266,67.44999694824219,67.45999908447266,14.0
2025-03-13 06:19:00+00:00,67.43000030517578,67.44999694824219,67.43000030517578,67.44999694824219,15.0
2025-03-13 06:20:00+00:00,67.43000030517578,67.43000030517578,67.43000030517578,67.43000030517578,12.0
2025-03-13 06:21:00+00:00,67.44000244140625,67.44000244140625,67.44000244140625,67.44000244140625,6.0
2025-03-13 06:22:00+00:00,67.43000030517578,67.44000244140625,67.43000030517578,67.44000244140625,12.0
2025-03-13 06:23:00+00:00,67.41999816894531,67.41999816894531,67.41999816894531,67.41999816894531,8.0
2025-03-13 06:24:00+00:00,67.41000366210938,67.41999816894531,67.41000366210938,67.41999816894531,5.0
2025-03-13 06:25:00+00:00,67.41000366210938,67.41999816894531,67.4000015258789,67.41000366210938,38.0
2025-03-13 06:26:00+00:00,67.43000030517578,67.43000030517578,67.41999816894531,67.41999816894531,20.0
2025-03-13 06:27:00+00:00,67.44000244140625,67.44000244140625,67.43000030517578,67.44000244140625,20.0
2025-03-13 06:28:00+00:00,67.43000030517578,67.44000244140625,67.43000030517578,67.44000244140625,10.0
2025-03-13 06:29:00+00:00,67.44000244140625,67.45999908447266,67.43000030517578,67.44000244140625,55.0
2025-03-13 06:30:00+00:00,67.44999694824219,67.44999694824219,67.43000030517578,67.44000244140625,32.0
2025-03-13 06:31:00+00:00,67.44999694824219,67.44999694824219,67.43000030517578,67.44999694824219,79.0
2025-03-13 06:32:00+00:00,67.44000244140625,67.44000244140625,67.44000244140625,67.44000244140625,5.0
2025-03-13 06:33:00+00:00,67.44000244140625,67.44000244140625,67.43000030517578,67.44000244140625,15.0
2025-03-13 06:34:00+00:00,67.43000030517578,67.44000244140625,67.43000030517578,67.44000244140625,38.0
2025-03-13 06:35:00+00:00,67.44999694824219,67.45999908447266,67.41999816894531,67.43000030517578,844.0
2025-03-13 06:36:00+00:00,67.4800033569336,67.48999786376953,67.44999694824219,67.44999694824219,124.0
2025-03-13 06:37:00+00:00,67.47000122070312,67.51000213623047,67.45999908447266,67.48999786376953,85.0
2025-03-13 06:38:00+00:00,67.43000030517578,67.47000122070312,67.43000030517578,67.45999908447266,88.0
2025-03-13 06:39:00+00:00,67.43000030517578,67.44000244140625,67.41999816894531,67.44000244140625,68.0
2025-03-13 06:40:00+00:00,67.4800033569336,67.4800033569336,67.44000244140625,67.44000244140625,31.0
2025-03-13 06:41:00+00:00,67.4800033569336,67.5,67.4800033569336,67.4800033569336,87.0
2025-03-13 06:42:00+00:00,67.5,67.51000213623047,67.4800033569336,67.4800033569336,12.0
2025-03-13 06:43:00+00:00,67.48999786376953,67.51000213623047,67.48999786376953,67.5,12.0
2025-03-13 06:44:00+00:00,67.47000122070312,67.5,67.47000122070312,67.5,16.0
2025-03-13 06:45:00+00:00,67.5,67.5,67.4800033569336,67.4800033569336,18.0
2025-03-13 06:46:00+00:00,67.5199966430664,67.52999877929688,67.51000213623047,67.51000213623047,33.0
2025-03-13 06:47:00+00:00,67.5199966430664,67.5199966430664,67.5199966430664,67.5199966430664,28.0
2025-03-13 06:48:00+00:00,67.51000213623047,67.5199966430664,67.51000213623047,67.5199966430664,11.0
2025-03-13 06:49:00+00:00,67.51000213623047,67.51000213623047,67.5,67.51000213623047,23.0
2025-03-13 06:50:00+00:00,67.51000213623047,67.51000213623047,67.5,67.51000213623047,12.0
2025-03-13 06:51:00+00:00,67.47000122070312,67.5,67.45999908447266,67.5,24.0
2025-03-13 06:52:00+00:00,67.4800033569336,67.4800033569336,67.45999908447266,67.47000122070312,35.0
2025-03-13 06:53:00+00:00,67.5,67.5,67.4800033569336,67.4800033569336,18.0
2025-03-13 06:54:00+00:00,67.5,67.5199966430664,67.5,67.51000213623047,14.0
2025-03-13 06:55:00+00:00,67.48999786376953,67.5,67.48999786376953,67.5,9.0
2025-03-13 06:56:00+00:00,67.4800033569336,67.48999786376953,67.47000122070312,67.48999786376953,186.0
2025-03-13 06:57:00+00:00,67.47000122070312,67.47000122070312,67.47000122070312,67.47000122070312,12.0
2025-03-13 06:58:00+00:00,67.45999908447266,67.47000122070312,67.43000030517578,67.47000122070312,63.0
2025-03-13 06:59:00+00:00,67.47000122070312,67.47000122070312,67.44999694824219,67.45999908447266,14.0
2025-03-13 07:00:00+00:00,67.48999786376953,67.48999786376953,67.44000244140625,67.47000122070312,157.0
2025-03-13 07:01:00+00:00,67.55999755859375,67.55999755859375,67.5,67.5,73.0
2025-03-13 07:02:00+00:00,67.61000061035156,67.62000274658203,67.55999755859375,67.55999755859375,143.0
2025-03-13 07:03:00+00:00,67.61000061035156,67.63999938964844,67.5999984741211,67.5999984741211,70.0
2025-03-13 07:04:00+00:00,67.58000183105469,67.61000061035156,67.58000183105469,67.61000061035156,37.0
2025-03-13 07:05:00+00:00,67.58999633789062,67.58999633789062,67.56999969482422,67.58000183105469,26.0
2025-03-13 07:06:00+00:00,67.5999984741211,67.61000061035156,67.58000183105469,67.5999984741211,42.0
2025-03-13 07:07:00+00:00,67.56999969482422,67.5999984741211,67.56999969482422,67.5999984741211,86.0
2025-03-13 07:08:00+00:00,67.55999755859375,67.58999633789062,67.55999755859375,67.55999755859375,36.0
2025-03-13 07:09:00+00:00,67.5999984741211,67.5999984741211,67.55999755859375,67.55999755859375,168.0
2025-03-13 07:10:00+00:00,67.62000274658203,67.62000274658203,67.58000183105469,67.61000061035156,119.0
2025-03-13 07:11:00+00:00,67.62000274658203,67.62000274658203,67.62000274658203,67.62000274658203,12.0
2025-03-13 07:12:00+00:00,67.62999725341797,67.62999725341797,67.62000274658203,67.62000274658203,27.0
2025-03-13 07:13:00+00:00,67.6500015258789,67.6500015258789,67.62000274658203,67.62999725341797,69.0
2025-03-13 07:14:00+00:00,67.68000030517578,67.69000244140625,67.66000366210938,67.66000366210938,63.0
2025-03-13 07:15:00+00:00,67.69000244140625,67.70999908447266,67.66999816894531,67.69000244140625,124.0
2025-03-13 07:16:00+00:00,67.69999694824219,67.70999908447266,67.68000030517578,67.68000030517578,29.0
2025-03-13 07:17:00+00:00,67.68000030517578,67.69999694824219,67.68000030517578,67.69999694824219,24.0
2025-03-13 07:18:00+00:00,67.66999816894531,67.68000030517578,67.66999816894531,67.68000030517578,43.0
2025-03-13 07:19:00+00:00,67.66000366210938,67.69000244140625,67.66000366210938,67.66999816894531,36.0
2025-03-13 07:20:00+00:00,67.69999694824219,67.70999908447266,67.66000366210938,67.66000366210938,51.0
2025-03-13 07:21:00+00:00,67.70999908447266,67.70999908447266,67.69999694824219,67.70999908447266,40.0
2025-03-13 07:22:00+00:00,67.69999694824219,67.72000122070312,67.69000244140625,67.70999908447266,67.0
2025-03-13 07:23:00+00:00,67.70999908447266,67.72000122070312,67.69000244140625,67.70999908447266,142.0
2025-03-13 07:24:00+00:00,67.66999816894531,67.72000122070312,67.66999816894531,67.72000122070312,112.0
2025-03-13 07:25:00+00:00,67.69999694824219,67.69999694824219,67.66000366210938,67.66999816894531,88.0
2025-03-13 07:26:00+00:00,67.69000244140625,67.69999694824219,67.68000030517578,67.69999694824219,30.0
2025-03-13 07:27:00+00:00,67.70999908447266,67.70999908447266,67.69999694824219,67.69999694824219,23.0
2025-03-13 07:28:00+00:00,67.69999694824219,67.70999908447266,67.69000244140625,67.70999908447266,46.0
2025-03-13 07:29:00+00:00,67.69999694824219,67.70999908447266,67.69000244140625,67.70999908447266,24.0
2025-03-13 07:30:00+00:00,67.72000122070312,67.72000122070312,67.68000030517578,67.69999694824219,42.0
2025-03-13 07:31:00+00:00,67.70999908447266,67.7300033569336,67.69999694824219,67.72000122070312,70.0
2025-03-13 07:32:00+00:00,67.69999694824219,67.70999908447266,67.69999694824219,67.70999908447266,49.0
2025-03-13 07:33:00+00:00,67.69999694824219,67.69999694824219,67.69000244140625,67.69000244140625,23.0
2025-03-13 07:34:00+00:00,67.66000366210938,67.69999694824219,67.66000366210938,67.69999694824219,39.0
2025-03-13 07:35:00+00:00,67.68000030517578,67.69000244140625,67.66999816894531,67.66999816894531,27.0
2025-03-13 07:36:00+00:00,67.68000030517578,67.69999694824219,67.68000030517578,67.69000244140625,36.0
2025-03-13 07:37:00+00:00,67.6500015258789,67.68000030517578,67.62999725341797,67.68000030517578,54.0
2025-03-13 07:38:00+00:00,67.66000366210938,67.66000366210938,67.6500015258789,67.66000366210938,8.0
2025-03-13 07:39:00+00:00,67.6500015258789,67.66999816894531,67.6500015258789,67.66000366210938,22.0
2025-03-13 07:40:00+00:00,67.70999908447266,67.70999908447266,67.6500015258789,67.6500015258789,76.0
2025-03-13 07:41:00+00:00,67.70999908447266,67.73999786376953,67.70999908447266,67.72000122070312,66.0
2025-03-13 07:42:00+00:00,67.69000244140625,67.69999694824219,67.69000244140625,67.69999694824219,12.0
2025-03-13 07:43:00+00:00,67.69000244140625,67.69000244140625,67.66999816894531,67.69000244140625,48.0
2025-03-13 07:44:00+00:00,67.69000244140625,67.69000244140625,67.69000244140625,67.69000244140625,19.0
2025-03-13 07:45:00+00:00,67.72000122070312,67.72000122070312,67.68000030517578,67.69000244140625,39.0
2025-03-13 07:46:00+00:00,67.73999786376953,67.76000213623047,67.72000122070312,67.72000122070312,83.0
2025-03-13 07:47:00+00:00,67.73999786376953,67.75,67.72000122070312,67.75,54.0
2025-03-13 07:48:00+00:00,67.73999786376953,67.75,67.73999786376953,67.73999786376953,26.0
2025-03-13 07:49:00+00:00,67.75,67.75,67.73999786376953,67.73999786376953,18.0
2025-03-13 07:50:00+00:00,67.76000213623047,67.7699966430664,67.76000213623047,67.76000213623047,74.0
2025-03-13 07:51:00+00:00,67.81999969482422,67.81999969482422,67.76000213623047,67.76000213623047,154.0
2025-03-13 07:52:00+00:00,67.81999969482422,67.81999969482422,67.77999877929688,67.80999755859375,172.0
2025-03-13 07:53:00+00:00,67.80999755859375,67.81999969482422,67.80000305175781,67.80999755859375,45.0
2025-03-13 07:54:00+00:00,67.7699966430664,67.81999969482422,67.7699966430664,67.80999755859375,54.0
2025-03-13 07:55:00+00:00,67.77999877929688,67.77999877929688,67.75,67.76000213623047,57.0
2025-03-13 07:56:00+00:00,67.7300033569336,67.7699966430664,67.7300033569336,67.7699966430664,98.0
2025-03-13 07:57:00+00:00,67.70999908447266,67.7300033569336,67.69999694824219,67.72000122070312,57.0
2025-03-13 07:58:00+00:00,67.73999786376953,67.73999786376953,67.69999694824219,67.70999908447266,149.0
2025-03-13 07:59:00+00:00,67.7300033569336,67.75,67.70999908447266,67.73999786376953,72.0
2025-03-13 08:00:00+00:00,67.70999908447266,67.73999786376953,67.69000244140625,67.7300033569336,130.0
2025-03-13 08:01:00+00:00,67.66999816894531,67.70999908447266,67.6500015258789,67.70999908447266,194.0
2025-03-13 08:02:00+00:00,67.68000030517578,67.69000244140625,67.66000366210938,67.66999816894531,65.0
2025-03-13 08:03:00+00:00,67.66000366210938,67.69000244140625,67.6500015258789,67.66999816894531,30.0
2025-03-13 08:04:00+00:00,67.6500015258789,67.68000030517578,67.6500015258789,67.66999816894531,34.0
2025-03-13 08:05:00+00:00,67.68000030517578,67.69000244140625,67.63999938964844,67.68000030517578,467.0
2025-03-13 08:06:00+00:00,67.69999694824219,67.7300033569336,67.68000030517578,67.68000030517578,59.0
2025-03-13 08:07:00+00:00,67.68000030517578,67.69999694824219,67.68000030517578,67.69999694824219,40.0
2025-03-13 08:08:00+00:00,67.72000122070312,67.76000213623047,67.69000244140625,67.69000244140625,86.0
2025-03-13 08:09:00+00:00,67.73999786376953,67.76000213623047,67.70999908447266,67.72000122070312,72.0
2025-03-13 08:10:00+00:00,67.79000091552734,67.80999755859375,67.73999786376953,67.73999786376953,54.0
2025-03-13 08:11:00+00:00,67.83000183105469,67.8499984741211,67.77999877929688,67.77999877929688,156.0
2025-03-13 08:12:00+00:00,67.83999633789062,67.8499984741211,67.83000183105469,67.83000183105469,116.0
2025-03-13 08:13:00+00:00,67.83000183105469,67.83999633789062,67.83000183105469,67.83999633789062,57.0
2025-03-13 08:14:00+00:00,67.83000183105469,67.8499984741211,67.80000305175781,67.81999969482422,546.0
2025-03-13 08:15:00+00:00,67.8499984741211,67.87999725341797,67.83999633789062,67.83999633789062,146.0
2025-03-13 08:16:00+00:00,67.87000274658203,67.87000274658203,67.83000183105469,67.8499984741211,90.0
2025-03-13 08:17:00+00:00,67.86000061035156,67.9000015258789,67.8499984741211,67.86000061035156,252.0
2025-03-13 08:18:00+00:00,67.9000015258789,67.9000015258789,67.86000061035156,67.86000061035156,62.0
2025-03-13 08:19:00+00:00,67.87000274658203,67.91000366210938,67.87000274658203,67.88999938964844,63.0
2025-03-13 08:20:00+00:00,67.88999938964844,67.9000015258789,67.86000061035156,67.87000274658203,46.0
2025-03-13 08:21:00+00:00,67.88999938964844,67.9000015258789,67.87999725341797,67.88999938964844,27.0
2025-03-13 08:22:00+00:00,67.87000274658203,67.91000366210938,67.86000061035156,67.88999938964844,101.0
2025-03-13 08:23:00+00:00,67.91000366210938,67.93000030517578,67.87000274658203,67.87000274658203,83.0
2025-03-13 08:24:00+00:00,67.93000030517578,67.93000030517578,67.9000015258789,67.9000015258789,76.0
2025-03-13 08:25:00+00:00,67.9000015258789,67.94000244140625,67.9000015258789,67.93000030517578,88.0
2025-03-13 08:26:00+00:00,67.91000366210938,67.91000366210938,67.87999725341797,67.9000015258789,54.0
2025-03-13 08:27:00+00:00,67.8499984741211,67.91000366210938,67.8499984741211,67.9000015258789,70.0
2025-03-13 08:28:00+00:00,67.87999725341797,67.88999938964844,67.83000183105469,67.8499984741211,243.0
2025-03-13 08:29:00+00:00,67.88999938964844,67.9000015258789,67.86000061035156,67.87000274658203,282.0
2025-03-13 08:30:00+00:00,67.87000274658203,67.9000015258789,67.86000061035156,67.88999938964844,246.0
2025-03-13 08:31:00+00:00,67.86000061035156,67.87000274658203,67.83000183105469,67.86000061035156,162.0
2025-03-13 08:32:00+00:00,67.86000061035156,67.88999938964844,67.86000061035156,67.86000061035156,85.0
2025-03-13 08:33:00+00:00,67.80999755859375,67.87999725341797,67.80999755859375,67.87000274658203,170.0
2025-03-13 08:34:00+00:00,67.81999969482422,67.83999633789062,67.80999755859375,67.81999969482422,60.0
2025-03-13 08:35:00+00:00,67.83999633789062,67.83999633789062,67.80999755859375,67.81999969482422,47.0
2025-03-13 08:36:00+00:00,67.81999969482422,67.86000061035156,67.80000305175781,67.83999633789062,106.0
2025-03-13 08:37:00+00:00,67.79000091552734,67.83999633789062,67.76000213623047,67.81999969482422,197.0
2025-03-13 08:38:00+00:00,67.76000213623047,67.81999969482422,67.76000213623047,67.80000305175781,107.0
2025-03-13 08:39:00+00:00,67.80000305175781,67.80999755859375,67.76000213623047,67.7699966430664,96.0
2025-03-13 08:40:00+00:00,67.7699966430664,67.81999969482422,67.75,67.80000305175781,54.0
2025-03-13 08:41:00+00:00,67.77999877929688,67.80000305175781,67.77999877929688,67.77999877929688,20.0
2025-03-13 08:42:00+00:00,67.77999877929688,67.80000305175781,67.76000213623047,67.79000091552734,47.0
2025-03-13 08:43:00+00:00,67.81999969482422,67.83000183105469,67.79000091552734,67.79000091552734,38.0
2025-03-13 08:44:00+00:00,67.7300033569336,67.81999969482422,67.72000122070312,67.81999969482422,202.0
2025-03-13 08:45:00+00:00,67.70999908447266,67.7300033569336,67.69000244140625,67.7300033569336,127.0
2025-03-13 08:46:00+00:00,67.70999908447266,67.7300033569336,67.70999908447266,67.72000122070312,38.0
2025-03-13 08:47:00+00:00,67.68000030517578,67.72000122070312,67.6500015258789,67.70999908447266,140.0
2025-03-13 08:48:00+00:00,67.68000030517578,67.69000244140625,67.66000366210938,67.68000030517578,50.0
2025-03-13 08:49:00+00:00,67.69000244140625,67.69000244140625,67.66999816894531,67.68000030517578,33.0
2025-03-13 08:50:00+00:00,67.6500015258789,67.66999816894531,67.62000274658203,67.66999816894531,110.0
2025-03-13 08:51:00+00:00,67.6500015258789,67.66000366210938,67.63999938964844,67.6500015258789,49.0
2025-03-13 08:52:00+00:00,67.5999984741211,67.6500015258789,67.5999984741211,67.6500015258789,89.0
2025-03-13 08:53:00+00:00,67.68000030517578,67.69000244140625,67.58000183105469,67.61000061035156,382.0
2025-03-13 08:54:00+00:00,67.69999694824219,67.69999694824219,67.6500015258789,67.66000366210938,106.0
2025-03-13 08:55:00+00:00,67.69999694824219,67.7300033569336,67.68000030517578,67.69999694824219,123.0
2025-03-13 08:56:00+00:00,67.70999908447266,67.70999908447266,67.69000244140625,67.69000244140625,32.0
2025-03-13 08:57:00+00:00,67.69999694824219,67.69999694824219,67.69999694824219,67.69999694824219,9.0
2025-03-13 08:58:00+00:00,67.66999816894531,67.70999908447266,67.66999816894531,67.70999908447266,47.0
2025-03-13 08:59:00+00:00,67.62999725341797,67.68000030517578,67.62999725341797,67.66999816894531,98.0
2025-03-13 09:00:00+00:00,67.68000030517578,67.68000030517578,67.62000274658203,67.63999938964844,105.0
2025-03-13 09:01:00+00:00,67.70999908447266,67.70999908447266,67.68000030517578,67.69000244140625,91.0
2025-03-13 09:02:00+00:00,67.70999908447266,67.7300033569336,67.69999694824219,67.70999908447266,90.0
2025-03-13 09:03:00+00:00,67.66999816894531,67.72000122070312,67.66999816894531,67.70999908447266,48.0
2025-03-13 09:04:00+00:00,67.58999633789062,67.68000030517578,67.58999633789062,67.68000030517578,296.0
2025-03-13 09:05:00+00:00,67.54000091552734,67.58999633789062,67.52999877929688,67.58999633789062,1332.0
2025-03-13 09:06:00+00:00,67.5199966430664,67.58000183105469,67.5199966430664,67.54000091552734,164.0
2025-03-13 09:07:00+00:00,67.4800033569336,67.52999877929688,67.4800033569336,67.5199966430664,155.0
2025-03-13 09:08:00+00:00,67.47000122070312,67.48999786376953,67.45999908447266,67.4800033569336,198.0
2025-03-13 09:09:00+00:00,67.5,67.51000213623047,67.45999908447266,67.47000122070312,74.0
2025-03-13 09:10:00+00:00,67.5199966430664,67.52999877929688,67.51000213623047,67.51000213623047,103.0
2025-03-13 09:11:00+00:00,67.54000091552734,67.54000091552734,67.5199966430664,67.5199966430664,44.0
2025-03-13 09:12:00+00:00,67.55999755859375,67.55999755859375,67.52999877929688,67.55000305175781,62.0
2025-03-13 09:13:00+00:00,67.55999755859375,67.56999969482422,67.55000305175781,67.55999755859375,53.0
2025-03-13 09:14:00+00:00,67.56999969482422,67.58999633789062,67.56999969482422,67.56999969482422,65.0
2025-03-13 09:15:00+00:00,67.56999969482422,67.58999633789062,67.55999755859375,67.58000183105469,54.0
2025-03-13 09:16:00+00:00,67.55999755859375,67.5999984741211,67.55999755859375,67.56999969482422,83.0
2025-03-13 09:17:00+00:00,67.56999969482422,67.58000183105469,67.56999969482422,67.56999969482422,32.0
2025-03-13 09:18:00+00:00,67.56999969482422,67.58000183105469,67.55999755859375,67.55999755859375,31.0
2025-03-13 09:19:00+00:00,67.5199966430664,67.55999755859375,67.5199966430664,67.55999755859375,82.0
2025-03-13 09:20:00+00:00,67.54000091552734,67.56999969482422,67.5199966430664,67.5199966430664,135.0
2025-03-13 09:21:00+00:00,67.56999969482422,67.56999969482422,67.54000091552734,67.54000091552734,30.0
2025-03-13 09:22:00+00:00,67.55999755859375,67.58000183105469,67.55000305175781,67.58000183105469,254.0
2025-03-13 09:23:00+00:00,67.5199966430664,67.55000305175781,67.5199966430664,67.55000305175781,54.0
2025-03-13 09:24:00+00:00,67.52999877929688,67.56999969482422,67.5199966430664,67.52999877929688,142.0
2025-03-13 09:25:00+00:00,67.5199966430664,67.54000091552734,67.48999786376953,67.52999877929688,65.0
2025-03-13 09:26:00+00:00,67.48999786376953,67.5199966430664,67.4800033569336,67.5199966430664,118.0
2025-03-13 09:27:00+00:00,67.45999908447266,67.48999786376953,67.44000244140625,67.4800033569336,139.0
2025-03-13 09:28:00+00:00,67.4800033569336,67.48999786376953,67.44000244140625,67.44999694824219,89.0
2025-03-13 09:29:00+00:00,67.45999908447266,67.4800033569336,67.45999908447266,67.4800033569336,94.0
2025-03-13 09:30:00+00:00,67.37000274658203,67.47000122070312,67.36000061035156,67.47000122070312,1476.0
2025-03-13 09:31:00+00:00,67.38999938964844,67.4000015258789,67.3499984741211,67.37000274658203,989.0
2025-03-13 09:32:00+00:00,67.37999725341797,67.4000015258789,67.36000061035156,67.37999725341797,132.0
2025-03-13 09:33:00+00:00,67.33999633789062,67.38999938964844,67.30999755859375,67.38999938964844,641.0
2025-03-13 09:34:00+00:00,67.27999877929688,67.36000061035156,67.23999786376953,67.33999633789062,516.0
2025-03-13 09:35:00+00:00,67.36000061035156,67.37000274658203,67.27999877929688,67.29000091552734,153.0
2025-03-13 09:36:00+00:00,67.37999725341797,67.41000366210938,67.3499984741211,67.37000274658203,312.0
2025-03-13 09:37:00+00:00,67.36000061035156,67.38999938964844,67.36000061035156,67.38999938964844,35.0
2025-03-13 09:38:00+00:00,67.37000274658203,67.37999725341797,67.36000061035156,67.37000274658203,35.0
2025-03-13 09:39:00+00:00,67.33000183105469,67.37000274658203,67.33000183105469,67.37000274658203,53.0
2025-03-13 09:40:00+00:00,67.30999755859375,67.33999633789062,67.30000305175781,67.33000183105469,98.0
2025-03-13 09:41:00+00:00,67.30999755859375,67.33000183105469,67.30999755859375,67.30999755859375,59.0
2025-03-13 09:42:00+00:00,67.30999755859375,67.33000183105469,67.30999755859375,67.31999969482422,59.0
2025-03-13 09:43:00+00:00,67.30999755859375,67.31999969482422,67.30000305175781,67.31999969482422,52.0
2025-03-13 09:44:00+00:00,67.31999969482422,67.33000183105469,67.29000091552734,67.30999755859375,331.0
2025-03-13 09:45:00+00:00,67.37000274658203,67.37000274658203,67.30999755859375,67.31999969482422,81.0
2025-03-13 09:46:00+00:00,67.33999633789062,67.37000274658203,67.33999633789062,67.37000274658203,34.0
2025-03-13 09:47:00+00:00,67.33999633789062,67.36000061035156,67.33000183105469,67.33000183105469,250.0
2025-03-13 09:48:00+00:00,67.3499984741211,67.36000061035156,67.33999633789062,67.3499984741211,27.0
2025-03-13 09:49:00+00:00,67.33000183105469,67.33999633789062,67.31999969482422,67.33999633789062,36.0
2025-03-13 09:50:00+00:00,67.33000183105469,67.33999633789062,67.30999755859375,67.31999969482422,63.0
2025-03-13 09:51:00+00:00,67.31999969482422,67.33000183105469,67.30999755859375,67.31999969482422,26.0
2025-03-13 09:52:00+00:00,67.31999969482422,67.33000183105469,67.30999755859375,67.31999969482422,45.0
2025-03-13 09:53:00+00:00,67.30999755859375,67.33000183105469,67.30999755859375,67.31999969482422,29.0
2025-03-13 09:54:00+00:00,67.30999755859375,67.30999755859375,67.30000305175781,67.30999755859375,42.0
2025-03-13 09:55:00+00:00,67.2699966430664,67.31999969482422,67.25,67.30999755859375,277.0
2025-03-13 09:56:00+00:00,67.2699966430664,67.27999877929688,67.25,67.26000213623047,91.0
2025-03-13 09:57:00+00:00,67.27999877929688,67.30000305175781,67.26000213623047,67.2699966430664,169.0
2025-03-13 09:58:00+00:00,67.23999786376953,67.2699966430664,67.2300033569336,67.2699966430664,78.0
2025-03-13 09:59:00+00:00,67.23999786376953,67.25,67.2300033569336,67.23999786376953,123.0
2025-03-13 10:00:00+00:00,67.23999786376953,67.25,67.2300033569336,67.23999786376953,142.0
2025-03-13 10:01:00+00:00,67.19999694824219,67.25,67.19999694824219,67.23999786376953,199.0
2025-03-13 10:02:00+00:00,67.22000122070312,67.22000122070312,67.20999908447266,67.20999908447266,104.0
2025-03-13 10:03:00+00:00,67.19999694824219,67.22000122070312,67.19999694824219,67.20999908447266,35.0
2025-03-13 10:04:00+00:00,67.19000244140625,67.22000122070312,67.19000244140625,67.20999908447266,381.0
2025-03-13 10:05:00+00:00,67.19000244140625,67.19000244140625,67.12999725341797,67.19000244140625,312.0
2025-03-13 10:06:00+00:00,67.18000030517578,67.23999786376953,67.16999816894531,67.18000030517578,253.0
2025-03-13 10:07:00+00:00,67.12999725341797,67.18000030517578,67.12000274658203,67.18000030517578,270.0
2025-03-13 10:08:00+00:00,67.1500015258789,67.16999816894531,67.11000061035156,67.12000274658203,223.0
2025-03-13 10:09:00+00:00,67.1500015258789,67.16999816894531,67.1500015258789,67.16000366210938,105.0
2025-03-13 10:10:00+00:00,67.16000366210938,67.16999816894531,67.13999938964844,67.13999938964844,21.0
2025-03-13 10:11:00+00:00,67.19000244140625,67.19000244140625,67.16999816894531,67.16999816894531,66.0
2025-03-13 10:12:00+00:00,67.13999938964844,67.19999694824219,67.12999725341797,67.19000244140625,135.0
2025-03-13 10:13:00+00:00,67.20999908447266,67.22000122070312,67.13999938964844,67.1500015258789,214.0
2025-03-13 10:14:00+00:00,67.2300033569336,67.2300033569336,67.19999694824219,67.20999908447266,291.0
2025-03-13 10:15:00+00:00,67.22000122070312,67.25,67.22000122070312,67.2300033569336,94.0
2025-03-13 10:16:00+00:00,67.2300033569336,67.25,67.22000122070312,67.22000122070312,385.0
2025-03-13 10:17:00+00:00,67.23999786376953,67.25,67.22000122070312,67.2300033569336,56.0
2025-03-13 10:18:00+00:00,67.2699966430664,67.27999877929688,67.23999786376953,67.23999786376953,123.0
2025-03-13 10:19:00+00:00,67.25,67.27999877929688,67.25,67.2699966430664,42.0
2025-03-13 10:20:00+00:00,67.2699966430664,67.2699966430664,67.23999786376953,67.23999786376953,42.0
2025-03-13 10:21:00+00:00,67.30000305175781,67.30000305175781,67.2699966430664,67.2699966430664,61.0
2025-03-13 10:22:00+00:00,67.30999755859375,67.31999969482422,67.30000305175781,67.30999755859375,82.0
2025-03-13 10:23:00+00:00,67.27999877929688,67.33999633789062,67.27999877929688,67.30999755859375,161.0
2025-03-13 10:24:00+00:00,67.31999969482422,67.31999969482422,67.29000091552734,67.29000091552734,149.0
2025-03-13 10:25:00+00:00,67.33000183105469,67.33999633789062,67.31999969482422,67.31999969482422,66.0
2025-03-13 10:26:00+00:00,67.33999633789062,67.37000274658203,67.31999969482422,67.33000183105469,109.0
2025-03-13 10:27:00+00:00,67.33999633789062,67.36000061035156,67.33000183105469,67.33999633789062,70.0
2025-03-13 10:28:00+00:00,67.33999633789062,67.33999633789062,67.33000183105469,67.33999633789062,27.0
2025-03-13 10:29:00+00:00,67.30000305175781,67.36000061035156,67.30000305175781,67.33999633789062,230.0
2025-03-13 10:30:00+00:00,67.30999755859375,67.31999969482422,67.27999877929688,67.30000305175781,131.0
2025-03-13 10:31:00+00:00,67.26000213623047,67.30000305175781,67.25,67.30000305175781,53.0
2025-03-13 10:32:00+00:00,67.29000091552734,67.30999755859375,67.25,67.2699966430664,135.0
2025-03-13 10:33:00+00:00,67.30999755859375,67.31999969482422,67.27999877929688,67.27999877929688,75.0
2025-03-13 10:34:00+00:00,67.30999755859375,67.33000183105469,67.30999755859375,67.31999969482422,61.0
2025-03-13 10:35:00+00:00,67.33000183105469,67.33000183105469,67.30000305175781,67.30999755859375,111.0
2025-03-13 10:36:00+00:00,67.33000183105469,67.33000183105469,67.30999755859375,67.33000183105469,73.0
2025-03-13 10:37:00+00:00,67.30999755859375,67.33000183105469,67.30999755859375,67.31999969482422,111.0
2025-03-13 10:38:00+00:00,67.30999755859375,67.30999755859375,67.30000305175781,67.30000305175781,33.0
2025-03-13 10:39:00+00:00,67.30000305175781,67.31999969482422,67.29000091552734,67.30999755859375,25.0
2025-03-13 10:40:00+00:00,67.31999969482422,67.31999969482422,67.29000091552734,67.30000305175781,36.0
2025-03-13 10:41:00+00:00,67.33999633789062,67.3499984741211,67.33000183105469,67.33000183105469,42.0
2025-03-13 10:42:00+00:00,67.3499984741211,67.36000061035156,67.33000183105469,67.33999633789062,47.0
2025-03-13 10:43:00+00:00,67.36000061035156,67.36000061035156,67.33999633789062,67.33999633789062,76.0
2025-03-13 10:44:00+00:00,67.37000274658203,67.37000274658203,67.3499984741211,67.36000061035156,22.0
2025-03-13 10:45:00+00:00,67.3499984741211,67.37000274658203,67.3499984741211,67.37000274658203,20.0
2025-03-13 10:46:00+00:00,67.33999633789062,67.36000061035156,67.33999633789062,67.36000061035156,45.0
2025-03-13 10:47:00+00:00,67.30000305175781,67.33999633789062,67.30000305175781,67.33000183105469,72.0
2025-03-13 10:48:00+00:00,67.2699966430664,67.29000091552734,67.25,67.29000091552734,220.0
2025-03-13 10:49:00+00:00,67.27999877929688,67.27999877929688,67.26000213623047,67.26000213623047,23.0
2025-03-13 10:50:00+00:00,67.29000091552734,67.29000091552734,67.26000213623047,67.27999877929688,59.0
2025-03-13 10:51:00+00:00,67.33999633789062,67.33999633789062,67.30000305175781,67.30000305175781,77.0
2025-03-13 10:52:00+00:00,67.3499984741211,67.36000061035156,67.33000183105469,67.33000183105469,56.0
2025-03-13 10:53:00+00:00,67.33999633789062,67.36000061035156,67.33999633789062,67.3499984741211,23.0
2025-03-13 10:54:00+00:00,67.3499984741211,67.3499984741211,67.33000183105469,67.33999633789062,24.0
2025-03-13 10:55:00+00:00,67.33000183105469,67.36000061035156,67.33000183105469,67.3499984741211,35.0
2025-03-13 10:56:00+00:00,67.31999969482422,67.33000183105469,67.30999755859375,67.33000183105469,20.0
2025-03-13 10:57:00+00:00,67.4000015258789,67.41000366210938,67.30999755859375,67.33000183105469,627.0
2025-03-13 10:58:00+00:00,67.41999816894531,67.43000030517578,67.38999938964844,67.4000015258789,222.0
2025-03-13 10:59:00+00:00,67.37000274658203,67.41999816894531,67.37000274658203,67.41999816894531,218.0
2025-03-13 11:00:00+00:00,67.4000015258789,67.45999908447266,67.37000274658203,67.37000274658203,1085.0
2025-03-13 11:01:00+00:00,67.43000030517578,67.43000030517578,67.3499984741211,67.41000366210938,274.0
2025-03-13 11:02:00+00:00,67.41999816894531,67.43000030517578,67.4000015258789,67.43000030517578,59.0
2025-03-13 11:03:00+00:00,67.44000244140625,67.44999694824219,67.41000366210938,67.41000366210938,79.0
2025-03-13 11:04:00+00:00,67.44000244140625,67.44999694824219,67.43000030517578,67.44999694824219,71.0
2025-03-13 11:05:00+00:00,67.47000122070312,67.4800033569336,67.44000244140625,67.44999694824219,138.0
2025-03-13 11:06:00+00:00,67.4800033569336,67.4800033569336,67.45999908447266,67.47000122070312,62.0
2025-03-13 11:07:00+00:00,67.48999786376953,67.48999786376953,67.47000122070312,67.4800033569336,34.0
2025-03-13 11:08:00+00:00,67.44000244140625,67.4800033569336,67.44000244140625,67.4800033569336,73.0
2025-03-13 11:09:00+00:00,67.44000244140625,67.44000244140625,67.41000366210938,67.44000244140625,71.0
2025-03-13 11:10:00+00:00,67.44999694824219,67.45999908447266,67.43000030517578,67.44999694824219,58.0
2025-03-13 11:11:00+00:00,67.45999908447266,67.45999908447266,67.44000244140625,67.44999694824219,59.0
2025-03-13 11:12:00+00:00,67.44999694824219,67.4800033569336,67.44999694824219,67.44999694824219,65.0
2025-03-13 11:13:00+00:00,67.44999694824219,67.45999908447266,67.44999694824219,67.45999908447266,15.0
2025-03-13 11:14:00+00:00,67.47000122070312,67.4800033569336,67.44000244140625,67.44000244140625,58.0
2025-03-13 11:15:00+00:00,67.45999908447266,67.4800033569336,67.44999694824219,67.45999908447266,58.0
2025-03-13 11:16:00+00:00,67.44999694824219,67.45999908447266,67.43000030517578,67.45999908447266,49.0
2025-03-13 11:17:00+00:00,67.44999694824219,67.47000122070312,67.44000244140625,67.45999908447266,198.0
2025-03-13 11:18:00+00:00,67.44999694824219,67.44999694824219,67.41000366210938,67.44999694824219,59.0
2025-03-13 11:19:00+00:00,67.41999816894531,67.44999694824219,67.41999816894531,67.44999694824219,67.0
2025-03-13 11:20:00+00:00,67.43000030517578,67.44000244140625,67.41999816894531,67.41999816894531,49.0
2025-03-13 11:21:00+00:00,67.44000244140625,67.45999908447266,67.43000030517578,67.43000030517578,58.0
2025-03-13 11:22:00+00:00,67.43000030517578,67.45999908447266,67.43000030517578,67.44999694824219,82.0
2025-03-13 11:23:00+00:00,67.44000244140625,67.44999694824219,67.41999816894531,67.43000030517578,74.0
2025-03-13 11:24:00+00:00,67.4800033569336,67.4800033569336,67.44999694824219,67.44999694824219,664.0
2025-03-13 11:25:00+00:00,67.47000122070312,67.5,67.47000122070312,67.48999786376953,60.0
2025-03-13 11:26:00+00:00,67.47000122070312,67.4800033569336,67.45999908447266,67.47000122070312,112.0
2025-03-13 11:27:00+00:00,67.52999877929688,67.52999877929688,67.4800033569336,67.4800033569336,457.0
2025-03-13 11:28:00+00:00,67.56999969482422,67.56999969482422,67.5199966430664,67.52999877929688,175.0
2025-03-13 11:29:00+00:00,67.55999755859375,67.56999969482422,67.55000305175781,67.55999755859375,85.0
2025-03-13 11:30:00+00:00,67.58000183105469,67.58999633789062,67.55999755859375,67.56999969482422,124.0
2025-03-13 11:31:00+00:00,67.61000061035156,67.63999938964844,67.58999633789062,67.58999633789062,178.0
2025-03-13 11:32:00+00:00,67.48999786376953,67.61000061035156,67.4800033569336,67.5999984741211,472.0
2025-03-13 11:33:00+00:00,67.47000122070312,67.48999786376953,67.44999694824219,67.48999786376953,175.0
2025-03-13 11:34:00+00:00,67.43000030517578,67.47000122070312,67.43000030517578,67.47000122070312,78.0
2025-03-13 11:35:00+00:00,67.37999725341797,67.43000030517578,67.37000274658203,67.43000030517578,416.0
2025-03-13 11:36:00+00:00,67.43000030517578,67.44000244140625,67.38999938964844,67.38999938964844,124.0
2025-03-13 11:37:00+00:00,67.41000366210938,67.44000244140625,67.41000366210938,67.43000030517578,61.0
2025-03-13 11:38:00+00:00,67.37999725341797,67.41999816894531,67.37999725341797,67.41000366210938,56.0
2025-03-13 11:39:00+00:00,67.37000274658203,67.37999725341797,67.36000061035156,67.37999725341797,53.0
2025-03-13 11:40:00+00:00,67.37999725341797,67.37999725341797,67.33999633789062,67.37999725341797,82.0
2025-03-13 11:41:00+00:00,67.4000015258789,67.41999816894531,67.37999725341797,67.37999725341797,44.0
2025-03-13 11:42:00+00:00,67.37000274658203,67.41000366210938,67.37000274658203,67.4000015258789,52.0
2025-03-13 11:43:00+00:00,67.38999938964844,67.38999938964844,67.37000274658203,67.37000274658203,31.0
2025-03-13 11:44:00+00:00,67.3499984741211,67.37999725341797,67.3499984741211,67.37999725341797,56.0
2025-03-13 11:45:00+00:00,67.3499984741211,67.36000061035156,67.33999633789062,67.3499984741211,60.0
2025-03-13 11:46:00+00:00,67.3499984741211,67.37000274658203,67.33999633789062,67.3499984741211,56.0
2025-03-13 11:47:00+00:00,67.30999755859375,67.33999633789062,67.27999877929688,67.33999633789062,140.0
2025-03-13 11:48:00+00:00,67.31999969482422,67.33000183105469,67.30999755859375,67.30999755859375,59.0
2025-03-13 11:49:00+00:00,67.36000061035156,67.36000061035156,67.31999969482422,67.33000183105469,13.0
2025-03-13 11:50:00+00:00,67.3499984741211,67.36000061035156,67.3499984741211,67.3499984741211,19.0
2025-03-13 11:51:00+00:00,67.33999633789062,67.3499984741211,67.33000183105469,67.3499984741211,28.0
2025-03-13 11:52:00+00:00,67.31999969482422,67.33999633789062,67.30999755859375,67.33999633789062,40.0
2025-03-13 11:53:00+00:00,67.31999969482422,67.33000183105469,67.30999755859375,67.30999755859375,30.0
2025-03-13 11:54:00+00:00,67.29000091552734,67.31999969482422,67.29000091552734,67.31999969482422,82.0
2025-03-13 11:55:00+00:00,67.31999969482422,67.31999969482422,67.30000305175781,67.30000305175781,58.0
2025-03-13 11:56:00+00:00,67.30999755859375,67.31999969482422,67.30000305175781,67.30999755859375,40.0
2025-03-13 11:57:00+00:00,67.30999755859375,67.31999969482422,67.30999755859375,67.30999755859375,56.0
2025-03-13 11:58:00+00:00,67.25,67.31999969482422,67.25,67.31999969482422,226.0
2025-03-13 11:59:00+00:00,67.29000091552734,67.29000091552734,67.25,67.26000213623047,95.0
2025-03-13 12:00:00+00:00,67.31999969482422,67.33000183105469,67.26000213623047,67.29000091552734,174.0
2025-03-13 12:01:00+00:00,67.2699966430664,67.31999969482422,67.2699966430664,67.30999755859375,64.0
2025-03-13 12:02:00+00:00,67.26000213623047,67.29000091552734,67.26000213623047,67.2699966430664,37.0
2025-03-13 12:03:00+00:00,67.23999786376953,67.26000213623047,67.22000122070312,67.26000213623047,233.0
2025-03-13 12:04:00+00:00,67.26000213623047,67.26000213623047,67.20999908447266,67.2300033569336,98.0
2025-03-13 12:05:00+00:00,67.23999786376953,67.2699966430664,67.2300033569336,67.25,94.0
2025-03-13 12:06:00+00:00,67.25,67.25,67.22000122070312,67.23999786376953,84.0
2025-03-13 12:07:00+00:00,67.16000366210938,67.23999786376953,67.1500015258789,67.23999786376953,487.0
2025-03-13 12:08:00+00:00,67.16000366210938,67.16999816894531,67.1500015258789,67.16000366210938,102.0
2025-03-13 12:09:00+00:00,67.1500015258789,67.18000030517578,67.1500015258789,67.16999816894531,121.0
2025-03-13 12:10:00+00:00,67.19000244140625,67.19000244140625,67.16000366210938,67.16000366210938,157.0
2025-03-13 12:11:00+00:00,67.16999816894531,67.20999908447266,67.16999816894531,67.19999694824219,108.0
2025-03-13 12:12:00+00:00,67.16999816894531,67.19000244140625,67.16999816894531,67.18000030517578,49.0
2025-03-13 12:13:00+00:00,67.16000366210938,67.16999816894531,67.13999938964844,67.16999816894531,126.0
2025-03-13 12:14:00+00:00,67.13999938964844,67.16000366210938,67.12999725341797,67.16000366210938,90.0
2025-03-13 12:15:00+00:00,67.20999908447266,67.20999908447266,67.13999938964844,67.13999938964844,871.0
2025-03-13 12:16:00+00:00,67.23999786376953,67.27999877929688,67.22000122070312,67.22000122070312,498.0
2025-03-13 12:17:00+00:00,67.22000122070312,67.26000213623047,67.20999908447266,67.25,236.0
2025-03-13 12:18:00+00:00,67.2300033569336,67.25,67.22000122070312,67.22000122070312,85.0
2025-03-13 12:19:00+00:00,67.22000122070312,67.2300033569336,67.20999908447266,67.22000122070312,47.0
2025-03-13 12:20:00+00:00,67.25,67.26000213623047,67.22000122070312,67.2300033569336,124.0
2025-03-13 12:21:00+00:00,67.2699966430664,67.2699966430664,67.23999786376953,67.25,86.0
2025-03-13 12:22:00+00:00,67.29000091552734,67.31999969482422,67.2699966430664,67.2699966430664,102.0
2025-03-13 12:23:00+00:00,67.33999633789062,67.3499984741211,67.29000091552734,67.29000091552734,167.0
2025-03-13 12:24:00+00:00,67.3499984741211,67.3499984741211,67.33000183105469,67.33999633789062,171.0
2025-03-13 12:25:00+00:00,67.36000061035156,67.36000061035156,67.33999633789062,67.3499984741211,46.0
2025-03-13 12:26:00+00:00,67.3499984741211,67.36000061035156,67.33999633789062,67.3499984741211,58.0
2025-03-13 12:27:00+00:00,67.37000274658203,67.37000274658203,67.33000183105469,67.33999633789062,88.0
2025-03-13 12:28:00+00:00,67.37999725341797,67.4000015258789,67.36000061035156,67.37999725341797,131.0
2025-03-13 12:29:00+00:00,67.37999725341797,67.38999938964844,67.37000274658203,67.37000274658203,69.0
2025-03-13 12:30:00+00:00,67.36000061035156,67.41999816894531,67.3499984741211,67.38999938964844,480.0
2025-03-13 12:31:00+00:00,67.38999938964844,67.38999938964844,67.3499984741211,67.3499984741211,193.0
2025-03-13 12:32:00+00:00,67.37000274658203,67.38999938964844,67.36000061035156,67.37999725341797,83.0
2025-03-13 12:33:00+00:00,67.37999725341797,67.38999938964844,67.37000274658203,67.37000274658203,57.0
2025-03-13 12:34:00+00:00,67.36000061035156,67.4000015258789,67.3499984741211,67.38999938964844,32.0
2025-03-13 12:35:00+00:00,67.37999725341797,67.37999725341797,67.37000274658203,67.37999725341797,73.0
2025-03-13 12:36:00+00:00,67.36000061035156,67.38999938964844,67.36000061035156,67.38999938964844,76.0
2025-03-13 12:37:00+00:00,67.30999755859375,67.36000061035156,67.30999755859375,67.36000061035156,124.0
2025-03-13 12:38:00+00:00,67.30000305175781,67.31999969482422,67.30000305175781,67.30999755859375,219.0
2025-03-13 12:39:00+00:00,67.33000183105469,67.33000183105469,67.30999755859375,67.30999755859375,42.0
2025-03-13 12:40:00+00:00,67.36000061035156,67.37000274658203,67.33000183105469,67.33000183105469,68.0
2025-03-13 12:41:00+00:00,67.37999725341797,67.38999938964844,67.36000061035156,67.36000061035156,84.0
2025-03-13 12:42:00+00:00,67.33000183105469,67.37999725341797,67.31999969482422,67.37999725341797,69.0
2025-03-13 12:43:00+00:00,67.37000274658203,67.37999725341797,67.33000183105469,67.33000183105469,80.0
2025-03-13 12:44:00+00:00,67.41999816894531,67.41999816894531,67.37000274658203,67.37000274658203,181.0
2025-03-13 12:45:00+00:00,67.36000061035156,67.41000366210938,67.3499984741211,67.41000366210938,114.0
2025-03-13 12:46:00+00:00,67.38999938964844,67.41000366210938,67.3499984741211,67.3499984741211,61.0
2025-03-13 12:47:00+00:00,67.37000274658203,67.4000015258789,67.36000061035156,67.38999938964844,83.0
2025-03-13 12:48:00+00:00,67.36000061035156,67.37999725341797,67.3499984741211,67.37000274658203,43.0
2025-03-13 12:49:00+00:00,67.3499984741211,67.36000061035156,67.33999633789062,67.3499984741211,43.0
2025-03-13 12:50:00+00:00,67.3499984741211,67.3499984741211,67.31999969482422,67.33999633789062,60.0
2025-03-13 12:51:00+00:00,67.30000305175781,67.3499984741211,67.30000305175781,67.3499984741211,167.0
2025-03-13 12:52:00+00:00,67.31999969482422,67.33000183105469,67.30000305175781,67.30000305175781,120.0
2025-03-13 12:53:00+00:00,67.29000091552734,67.31999969482422,67.2699966430664,67.31999969482422,124.0
2025-03-13 12:54:00+00:00,67.27999877929688,67.30999755859375,67.26000213623047,67.29000091552734,65.0
2025-03-13 12:55:00+00:00,67.27999877929688,67.30000305175781,67.2699966430664,67.2699966430664,98.0
2025-03-13 12:56:00+00:00,67.27999877929688,67.30000305175781,67.2699966430664,67.29000091552734,98.0
2025-03-13 12:57:00+00:00,67.25,67.29000091552734,67.25,67.29000091552734,152.0
2025-03-13 12:58:00+00:00,67.20999908447266,67.25,67.19999694824219,67.25,1473.0
2025-03-13 12:59:00+00:00,67.19999694824219,67.20999908447266,67.18000030517578,67.20999908447266,338.0
2025-03-13 13:00:00+00:00,67.16000366210938,67.19999694824219,67.12000274658203,67.19999694824219,621.0
2025-03-13 13:01:00+00:00,67.16000366210938,67.18000030517578,67.12999725341797,67.1500015258789,307.0
2025-03-13 13:02:00+00:00,67.1500015258789,67.20999908447266,67.13999938964844,67.16000366210938,457.0
2025-03-13 13:03:00+00:00,67.05000305175781,67.16000366210938,67.0199966430664,67.1500015258789,1624.0
2025-03-13 13:04:00+00:00,67.05999755859375,67.06999969482422,67.02999877929688,67.05000305175781,557.0
2025-03-13 13:05:00+00:00,67.0999984741211,67.11000061035156,67.05000305175781,67.05999755859375,518.0
2025-03-13 13:06:00+00:00,67.0999984741211,67.1500015258789,67.08999633789062,67.0999984741211,378.0
2025-03-13 13:07:00+00:00,67.11000061035156,67.11000061035156,67.06999969482422,67.0999984741211,194.0
2025-03-13 13:08:00+00:00,67.1500015258789,67.1500015258789,67.08999633789062,67.11000061035156,212.0
2025-03-13 13:09:00+00:00,67.12999725341797,67.16000366210938,67.12999725341797,67.1500015258789,164.0
2025-03-13 13:10:00+00:00,67.12000274658203,67.12999725341797,67.08999633789062,67.12999725341797,186.0
2025-03-13 13:11:00+00:00,67.12000274658203,67.1500015258789,67.0999984741211,67.12000274658203,174.0
2025-03-13 13:12:00+00:00,67.12999725341797,67.13999938964844,67.11000061035156,67.11000061035156,84.0
2025-03-13 13:13:00+00:00,67.08999633789062,67.13999938964844,67.08000183105469,67.12000274658203,239.0
2025-03-13 13:14:00+00:00,67.08000183105469,67.08999633789062,67.08000183105469,67.08999633789062,77.0
2025-03-13 13:15:00+00:00,67.08999633789062,67.11000061035156,67.08000183105469,67.08000183105469,119.0
2025-03-13 13:16:00+00:00,67.06999969482422,67.0999984741211,67.05000305175781,67.0999984741211,123.0
2025-03-13 13:17:00+00:00,67.05000305175781,67.08000183105469,67.05000305175781,67.06999969482422,134.0
2025-03-13 13:18:00+00:00,67.02999877929688,67.05000305175781,67.01000213623047,67.04000091552734,440.0
2025-03-13 13:19:00+00:00,67.08000183105469,67.08999633789062,67.02999877929688,67.02999877929688,1283.0
2025-03-13 13:20:00+00:00,67.05999755859375,67.08000183105469,67.05000305175781,67.06999969482422,76.0
2025-03-13 13:21:00+00:00,66.9800033569336,67.05000305175781,66.9800033569336,67.05000305175781,413.0
2025-03-13 13:22:00+00:00,66.9800033569336,67.01000213623047,66.95999908447266,66.98999786376953,981.0
2025-03-13 13:23:00+00:00,66.9800033569336,66.98999786376953,66.97000122070312,66.98999786376953,137.0
2025-03-13 13:24:00+00:00,67.01000213623047,67.0199966430664,66.97000122070312,66.97000122070312,221.0
2025-03-13 13:25:00+00:00,67.0199966430664,67.0199966430664,66.98999786376953,67.01000213623047,355.0
2025-03-13 13:26:00+00:00,67.01000213623047,67.06999969482422,67.0,67.02999877929688,379.0
2025-03-13 13:27:00+00:00,67.0199966430664,67.02999877929688,67.0,67.01000213623047,342.0
2025-03-13 13:28:00+00:00,67.01000213623047,67.05000305175781,67.01000213623047,67.0199966430664,414.0
2025-03-13 13:29:00+00:00,67.01000213623047,67.0199966430664,67.0,67.01000213623047,87.0
2025-03-13 13:30:00+00:00,66.97000122070312,67.0199966430664,66.97000122070312,67.0,175.0
2025-03-13 13:31:00+00:00,67.0199966430664,67.02999877929688,66.97000122070312,66.97000122070312,325.0
2025-03-13 13:32:00+00:00,67.06999969482422,67.08999633789062,67.01000213623047,67.0199966430664,220.0
2025-03-13 13:33:00+00:00,67.02999877929688,67.08999633789062,67.0199966430664,67.06999969482422,1457.0
2025-03-13 13:34:00+00:00,67.02999877929688,67.06999969482422,67.0199966430664,67.02999877929688,174.0
2025-03-13 13:35:00+00:00,67.0199966430664,67.02999877929688,67.0,67.0199966430664,168.0
2025-03-13 13:36:00+00:00,67.02999877929688,67.05000305175781,67.0199966430664,67.02999877929688,164.0
2025-03-13 13:37:00+00:00,67.05999755859375,67.05999755859375,67.0,67.0199966430664,202.0
2025-03-13 13:38:00+00:00,67.08000183105469,67.11000061035156,67.06999969482422,67.06999969482422,218.0
2025-03-13 13:39:00+00:00,67.11000061035156,67.11000061035156,67.05000305175781,67.08999633789062,120.0
2025-03-13 13:40:00+00:00,67.18000030517578,67.22000122070312,67.12000274658203,67.12000274658203,877.0
2025-03-13 13:41:00+00:00,67.13999938964844,67.19999694824219,67.12999725341797,67.18000030517578,681.0
2025-03-13 13:42:00+00:00,67.16999816894531,67.18000030517578,67.1500015258789,67.1500015258789,431.0
2025-03-13 13:43:00+00:00,67.16000366210938,67.18000030517578,67.16000366210938,67.18000030517578,105.0
2025-03-13 13:44:00+00:00,67.1500015258789,67.18000030517578,67.12999725341797,67.16999816894531,151.0
2025-03-13 13:45:00+00:00,67.13999938964844,67.18000030517578,67.12999725341797,67.1500015258789,120.0
2025-03-13 13:46:00+00:00,67.0999984741211,67.13999938964844,67.08999633789062,67.13999938964844,488.0
2025-03-13 13:47:00+00:00,67.06999969482422,67.0999984741211,67.05999755859375,67.0999984741211,140.0
2025-03-13 13:48:00+00:00,67.05999755859375,67.08000183105469,67.04000091552734,67.06999969482422,122.0
2025-03-13 13:49:00+00:00,67.05999755859375,67.06999969482422,67.05000305175781,67.05000305175781,97.0
2025-03-13 13:50:00+00:00,67.0199966430664,67.0999984741211,67.0,67.06999969482422,405.0
2025-03-13 13:51:00+00:00,67.05000305175781,67.05999755859375,67.0199966430664,67.0199966430664,102.0
2025-03-13 13:52:00+00:00,67.05000305175781,67.05999755859375,67.02999877929688,67.05999755859375,68.0
2025-03-13 13:53:00+00:00,67.06999969482422,67.08000183105469,67.05000305175781,67.05000305175781,84.0
2025-03-13 13:54:00+00:00,67.06999969482422,67.08999633789062,67.02999877929688,67.08000183105469,215.0
2025-03-13 13:55:00+00:00,67.13999938964844,67.1500015258789,67.05999755859375,67.05999755859375,620.0
2025-03-13 13:56:00+00:00,67.08999633789062,67.16000366210938,67.06999969482422,67.1500015258789,145.0
2025-03-13 13:57:00+00:00,67.06999969482422,67.0999984741211,67.06999969482422,67.08999633789062,142.0
2025-03-13 13:58:00+00:00,67.08000183105469,67.08000183105469,67.05000305175781,67.06999969482422,191.0
2025-03-13 13:59:00+00:00,67.06999969482422,67.08999633789062,67.05999755859375,67.08000183105469,112.0
2025-03-13 14:00:00+00:00,67.0199966430664,67.06999969482422,67.0,67.06999969482422,339.0
2025-03-13 14:01:00+00:00,66.93000030517578,67.06999969482422,66.91000366210938,67.0199966430664,2135.0
2025-03-13 14:02:00+00:00,66.91000366210938,66.94000244140625,66.86000061035156,66.94000244140625,859.0
2025-03-13 14:03:00+00:00,66.87999725341797,66.91999816894531,66.86000061035156,66.91000366210938,385.0
2025-03-13 14:04:00+00:00,67.0,67.06999969482422,66.83000183105469,66.87999725341797,2272.0
2025-03-13 14:05:00+00:00,67.22000122070312,67.26000213623047,66.9800033569336,66.98999786376953,2251.0
2025-03-13 14:06:00+00:00,67.19000244140625,67.27999877929688,67.1500015258789,67.22000122070312,863.0
2025-03-13 14:07:00+00:00,67.20999908447266,67.20999908447266,67.12999725341797,67.19000244140625,382.0
2025-03-13 14:08:00+00:00,67.19999694824219,67.22000122070312,67.16999816894531,67.19999694824219,234.0
2025-03-13 14:09:00+00:00,67.18000030517578,67.23999786376953,67.16999816894531,67.19999694824219,1224.0
2025-03-13 14:10:00+00:00,67.08999633789062,67.25,67.06999969482422,67.19000244140625,1340.0
2025-03-13 14:11:00+00:00,67.05000305175781,67.12999725341797,67.02999877929688,67.08999633789062,679.0
2025-03-13 14:12:00+00:00,67.05000305175781,67.06999969482422,67.0199966430664,67.05999755859375,440.0
2025-03-13 14:13:00+00:00,67.04000091552734,67.05999755859375,67.02999877929688,67.05999755859375,152.0
2025-03-13 14:14:00+00:00,67.11000061035156,67.12999725341797,67.02999877929688,67.04000091552734,294.0
2025-03-13 14:15:00+00:00,67.08999633789062,67.12000274658203,67.08000183105469,67.11000061035156,210.0
2025-03-13 14:16:00+00:00,67.12000274658203,67.12999725341797,67.08000183105469,67.08999633789062,206.0
2025-03-13 14:17:00+00:00,67.11000061035156,67.1500015258789,67.08999633789062,67.12000274658203,152.0
2025-03-13 14:18:00+00:00,67.18000030517578,67.18000030517578,67.11000061035156,67.11000061035156,329.0
2025-03-13 14:19:00+00:00,67.12000274658203,67.25,67.11000061035156,67.18000030517578,988.0
2025-03-13 14:20:00+00:00,67.12999725341797,67.1500015258789,67.0999984741211,67.12999725341797,255.0
2025-03-13 14:21:00+00:00,67.1500015258789,67.1500015258789,67.0999984741211,67.13999938964844,427.0
2025-03-13 14:22:00+00:00,67.18000030517578,67.19999694824219,67.0999984741211,67.1500015258789,501.0
2025-03-13 14:23:00+00:00,67.22000122070312,67.23999786376953,67.18000030517578,67.19000244140625,902.0
2025-03-13 14:24:00+00:00,67.22000122070312,67.2300033569336,67.18000030517578,67.20999908447266,97.0
2025-03-13 14:25:00+00:00,67.27999877929688,67.31999969482422,67.2300033569336,67.2300033569336,628.0
2025-03-13 14:26:00+00:00,67.27999877929688,67.29000091552734,67.25,67.27999877929688,203.0
2025-03-13 14:27:00+00:00,67.2300033569336,67.27999877929688,67.2300033569336,67.27999877929688,127.0
2025-03-13 14:28:00+00:00,67.19000244140625,67.25,67.19000244140625,67.23999786376953,496.0
2025-03-13 14:29:00+00:00,67.19999694824219,67.19999694824219,67.16999816894531,67.18000030517578,153.0
2025-03-13 14:30:00+00:00,67.30999755859375,67.33999633789062,67.19999694824219,67.19999694824219,407.0
2025-03-13 14:31:00+00:00,67.27999877929688,67.30999755859375,67.26000213623047,67.30000305175781,235.0
2025-03-13 14:32:00+00:00,67.23999786376953,67.27999877929688,67.22000122070312,67.2699966430664,173.0
2025-03-13 14:33:00+00:00,67.25,67.27999877929688,67.23999786376953,67.25,210.0
2025-03-13 14:34:00+00:00,67.23999786376953,67.26000213623047,67.2300033569336,67.25,294.0
2025-03-13 14:35:00+00:00,67.2300033569336,67.27999877929688,67.2300033569336,67.25,186.0
2025-03-13 14:36:00+00:00,67.19999694824219,67.2300033569336,67.19000244140625,67.2300033569336,544.0
2025-03-13 14:37:00+00:00,67.2300033569336,67.26000213623047,67.20999908447266,67.20999908447266,94.0
2025-03-13 14:38:00+00:00,67.26000213623047,67.29000091552734,67.23999786376953,67.23999786376953,125.0
2025-03-13 14:39:00+00:00,67.30000305175781,67.30000305175781,67.25,67.25,179.0
2025-03-13 14:40:00+00:00,67.27999877929688,67.33000183105469,67.2699966430664,67.30000305175781,139.0
2025-03-13 14:41:00+00:00,67.30000305175781,67.30000305175781,67.25,67.2699966430664,139.0
2025-03-13 14:42:00+00:00,67.27999877929688,67.30000305175781,67.26000213623047,67.30000305175781,126.0
2025-03-13 14:43:00+00:00,67.27999877929688,67.30000305175781,67.25,67.29000091552734,335.0
2025-03-13 14:44:00+00:00,67.2699966430664,67.27999877929688,67.25,67.27999877929688,153.0
2025-03-13 14:45:00+00:00,67.33000183105469,67.33000183105469,67.25,67.26000213623047,1013.0
2025-03-13 14:46:00+00:00,67.29000091552734,67.31999969482422,67.27999877929688,67.31999969482422,109.0
2025-03-13 14:47:00+00:00,67.30999755859375,67.31999969482422,67.27999877929688,67.27999877929688,127.0
2025-03-13 14:48:00+00:00,67.2699966430664,67.31999969482422,67.26000213623047,67.30999755859375,148.0
2025-03-13 14:49:00+00:00,67.29000091552734,67.29000091552734,67.22000122070312,67.2699966430664,820.0
2025-03-13 14:50:00+00:00,67.30000305175781,67.31999969482422,67.2699966430664,67.29000091552734,140.0
2025-03-13 14:51:00+00:00,67.31999969482422,67.33999633789062,67.30000305175781,67.30000305175781,210.0
2025-03-13 14:52:00+00:00,67.30000305175781,67.31999969482422,67.27999877929688,67.31999969482422,119.0
2025-03-13 14:53:00+00:00,67.25,67.30999755859375,67.23999786376953,67.30000305175781,159.0
2025-03-13 14:54:00+00:00,67.19000244140625,67.26000213623047,67.18000030517578,67.26000213623047,276.0
2025-03-13 14:55:00+00:00,67.19000244140625,67.19999694824219,67.12999725341797,67.19000244140625,1176.0
2025-03-13 14:56:00+00:00,67.12999725341797,67.19999694824219,67.12999725341797,67.19999694824219,206.0
2025-03-13 14:57:00+00:00,67.13999938964844,67.13999938964844,67.0999984741211,67.12999725341797,175.0
2025-03-13 14:58:00+00:00,67.0999984741211,67.13999938964844,67.08999633789062,67.12999725341797,129.0
2025-03-13 14:59:00+00:00,67.1500015258789,67.1500015258789,67.08999633789062,67.11000061035156,150.0
2025-03-13 15:00:00+00:00,67.19000244140625,67.22000122070312,67.13999938964844,67.1500015258789,261.0
2025-03-13 15:01:00+00:00,67.16000366210938,67.19000244140625,67.12999725341797,67.19000244140625,177.0
2025-03-13 15:02:00+00:00,67.13999938964844,67.16000366210938,67.12000274658203,67.16000366210938,112.0
2025-03-13 15:03:00+00:00,67.16999816894531,67.16999816894531,67.12000274658203,67.13999938964844,159.0
2025-03-13 15:04:00+00:00,67.1500015258789,67.19000244140625,67.1500015258789,67.16999816894531,240.0
2025-03-13 15:05:00+00:00,67.05000305175781,67.13999938964844,67.04000091552734,67.13999938964844,964.0
2025-03-13 15:06:00+00:00,67.01000213623047,67.05000305175781,66.98999786376953,67.05000305175781,459.0
2025-03-13 15:07:00+00:00,66.95999908447266,67.01000213623047,66.95999908447266,67.01000213623047,365.0
2025-03-13 15:08:00+00:00,66.94000244140625,66.94999694824219,66.91000366210938,66.94999694824219,423.0
2025-03-13 15:09:00+00:00,66.95999908447266,66.97000122070312,66.91999816894531,66.94999694824219,215.0
2025-03-13 15:10:00+00:00,66.98999786376953,67.01000213623047,66.95999908447266,66.95999908447266,404.0
2025-03-13 15:11:00+00:00,66.98999786376953,66.98999786376953,66.95999908447266,66.9800033569336,838.0
2025-03-13 15:12:00+00:00,67.01000213623047,67.0199966430664,66.97000122070312,66.98999786376953,1128.0
2025-03-13 15:13:00+00:00,67.04000091552734,67.06999969482422,67.01000213623047,67.01000213623047,219.0
2025-03-13 15:14:00+00:00,67.02999877929688,67.04000091552734,67.0199966430664,67.04000091552734,114.0
2025-03-13 15:15:00+00:00,67.0199966430664,67.02999877929688,67.0,67.02999877929688,111.0
2025-03-13 15:16:00+00:00,67.06999969482422,67.08000183105469,67.0199966430664,67.0199966430664,173.0
2025-03-13 15:17:00+00:00,67.06999969482422,67.08999633789062,67.05999755859375,67.06999969482422,183.0
2025-03-13 15:18:00+00:00,67.05000305175781,67.08000183105469,67.04000091552734,67.05999755859375,194.0
2025-03-13 15:19:00+00:00,67.0199966430664,67.05999755859375,67.01000213623047,67.05999755859375,262.0
2025-03-13 15:20:00+00:00,67.08999633789062,67.08999633789062,67.0199966430664,67.0199966430664,378.0
2025-03-13 15:21:00+00:00,67.08999633789062,67.12000274658203,67.06999969482422,67.0999984741211,235.0
2025-03-13 15:22:00+00:00,67.06999969482422,67.0999984741211,67.05999755859375,67.08999633789062,124.0
2025-03-13 15:23:00+00:00,67.08000183105469,67.0999984741211,67.06999969482422,67.08000183105469,184.0
2025-03-13 15:24:00+00:00,67.08000183105469,67.0999984741211,67.08000183105469,67.08000183105469,82.0
2025-03-13 15:25:00+00:00,67.05000305175781,67.0999984741211,67.05000305175781,67.08000183105469,197.0
2025-03-13 15:26:00+00:00,67.02999877929688,67.05000305175781,67.01000213623047,67.05000305175781,107.0
2025-03-13 15:27:00+00:00,67.0199966430664,67.02999877929688,66.98999786376953,67.02999877929688,138.0
2025-03-13 15:28:00+00:00,67.05000305175781,67.06999969482422,67.02999877929688,67.02999877929688,194.0
2025-03-13 15:29:00+00:00,66.9800033569336,67.05000305175781,66.9800033569336,67.05000305175781,152.0
2025-03-13 15:30:00+00:00,66.98999786376953,67.01000213623047,66.95999908447266,66.98999786376953,219.0
2025-03-13 15:31:00+00:00,67.0999984741211,67.12999725341797,66.98999786376953,66.98999786376953,1784.0
2025-03-13 15:32:00+00:00,67.16000366210938,67.18000030517578,67.08999633789062,67.0999984741211,183.0
2025-03-13 15:33:00+00:00,67.16999816894531,67.19999694824219,67.13999938964844,67.16000366210938,1919.0
2025-03-13 15:34:00+00:00,67.18000030517578,67.19999694824219,67.1500015258789,67.16000366210938,120.0
2025-03-13 15:35:00+00:00,67.19000244140625,67.23999786376953,67.19000244140625,67.19000244140625,341.0
2025-03-13 15:36:00+00:00,67.16999816894531,67.20999908447266,67.1500015258789,67.19000244140625,176.0
2025-03-13 15:37:00+00:00,67.1500015258789,67.16999816894531,67.13999938964844,67.16999816894531,67.0
2025-03-13 15:38:00+00:00,67.11000061035156,67.1500015258789,67.11000061035156,67.13999938964844,277.0
2025-03-13 15:39:00+00:00,67.12999725341797,67.13999938964844,67.11000061035156,67.11000061035156,240.0
2025-03-13 15:40:00+00:00,67.08000183105469,67.1500015258789,67.08000183105469,67.13999938964844,189.0
2025-03-13 15:41:00+00:00,67.01000213623047,67.0999984741211,66.98999786376953,67.08999633789062,351.0
2025-03-13 15:42:00+00:00,66.93000030517578,67.0,66.87999725341797,67.0,2474.0
2025-03-13 15:43:00+00:00,66.97000122070312,67.02999877929688,66.91999816894531,66.93000030517578,597.0
2025-03-13 15:44:00+00:00,66.94000244140625,67.01000213623047,66.94000244140625,66.97000122070312,377.0
2025-03-13 15:45:00+00:00,66.66999816894531,66.97000122070312,66.6500015258789,66.94000244140625,2750.0
2025-03-13 15:46:00+00:00,66.62999725341797,66.68000030517578,66.37000274658203,66.66999816894531,4507.0
2025-03-13 15:47:00+00:00,66.66000366210938,66.66000366210938,66.55999755859375,66.62999725341797,750.0
2025-03-13 15:48:00+00:00,66.83999633789062,66.83999633789062,66.6500015258789,66.66000366210938,1919.0
2025-03-13 15:49:00+00:00,66.83000183105469,66.95999908447266,66.79000091552734,66.83999633789062,1502.0
2025-03-13 15:50:00+00:00,66.7699966430664,66.86000061035156,66.75,66.81999969482422,603.0
2025-03-13 15:51:00+00:00,66.80000305175781,66.80999755859375,66.7300033569336,66.7699966430664,483.0
2025-03-13 15:52:00+00:00,66.81999969482422,66.8499984741211,66.7699966430664,66.80000305175781,397.0
2025-03-13 15:53:00+00:00,66.83000183105469,66.88999938964844,66.81999969482422,66.83000183105469,833.0
2025-03-13 15:54:00+00:00,66.80000305175781,66.83000183105469,66.79000091552734,66.81999969482422,295.0
2025-03-13 15:55:00+00:00,66.88999938964844,67.04000091552734,66.77999877929688,66.80000305175781,2083.0
2025-03-13 15:56:00+00:00,67.01000213623047,67.06999969482422,66.9000015258789,66.9000015258789,887.0
2025-03-13 15:57:00+00:00,66.87999725341797,67.0,66.87000274658203,67.0,805.0
2025-03-13 15:58:00+00:00,66.83000183105469,66.87999725341797,66.79000091552734,66.87999725341797,479.0
2025-03-13 15:59:00+00:00,66.81999969482422,66.83999633789062,66.7699966430664,66.83999633789062,214.0
2025-03-13 16:00:00+00:00,66.87000274658203,66.9000015258789,66.80000305175781,66.81999969482422,291.0
2025-03-13 16:01:00+00:00,66.9000015258789,66.91000366210938,66.86000061035156,66.87000274658203,260.0
2025-03-13 16:02:00+00:00,66.88999938964844,66.9000015258789,66.83999633789062,66.9000015258789,283.0
2025-03-13 16:03:00+00:00,66.83000183105469,66.88999938964844,66.80999755859375,66.88999938964844,318.0
2025-03-13 16:04:00+00:00,66.81999969482422,66.8499984741211,66.80999755859375,66.83999633789062,211.0
2025-03-13 16:05:00+00:00,66.94999694824219,66.95999908447266,66.81999969482422,66.81999969482422,1575.0
2025-03-13 16:06:00+00:00,66.88999938964844,66.98999786376953,66.87000274658203,66.94999694824219,611.0
2025-03-13 16:07:00+00:00,66.93000030517578,66.93000030517578,66.8499984741211,66.9000015258789,215.0
2025-03-13 16:08:00+00:00,67.0199966430664,67.02999877929688,66.93000030517578,66.93000030517578,457.0
2025-03-13 16:09:00+00:00,67.0199966430664,67.02999877929688,66.9800033569336,67.0199966430664,327.0
2025-03-13 16:10:00+00:00,67.04000091552734,67.06999969482422,67.01000213623047,67.01000213623047,378.0
2025-03-13 16:11:00+00:00,66.94999694824219,67.04000091552734,66.93000030517578,67.02999877929688,288.0
2025-03-13 16:12:00+00:00,67.0199966430664,67.04000091552734,66.94999694824219,66.94999694824219,304.0
2025-03-13 16:13:00+00:00,67.0,67.02999877929688,66.95999908447266,67.02999877929688,149.0
2025-03-13 16:14:00+00:00,66.95999908447266,67.01000213623047,66.95999908447266,66.98999786376953,159.0
2025-03-13 16:15:00+00:00,66.94000244140625,66.97000122070312,66.91999816894531,66.95999908447266,159.0
2025-03-13 16:16:00+00:00,66.94000244140625,66.97000122070312,66.91999816894531,66.94000244140625,194.0
2025-03-13 16:17:00+00:00,66.95999908447266,66.95999908447266,66.91000366210938,66.94000244140625,375.0
2025-03-13 16:18:00+00:00,66.94999694824219,66.95999908447266,66.91999816894531,66.95999908447266,105.0
2025-03-13 16:19:00+00:00,66.91000366210938,66.94000244140625,66.9000015258789,66.94000244140625,174.0
2025-03-13 16:20:00+00:00,66.93000030517578,66.94999694824219,66.88999938964844,66.91000366210938,118.0
2025-03-13 16:21:00+00:00,66.87000274658203,66.94000244140625,66.86000061035156,66.93000030517578,333.0
2025-03-13 16:22:00+00:00,66.97000122070312,66.9800033569336,66.87000274658203,66.87000274658203,344.0
2025-03-13 16:23:00+00:00,66.95999908447266,66.98999786376953,66.95999908447266,66.97000122070312,130.0
2025-03-13 16:24:00+00:00,66.91000366210938,66.95999908447266,66.9000015258789,66.95999908447266,172.0
2025-03-13 16:25:00+00:00,66.87000274658203,66.91999816894531,66.83999633789062,66.91000366210938,399.0
2025-03-13 16:26:00+00:00,66.87000274658203,66.88999938964844,66.86000061035156,66.87000274658203,299.0
2025-03-13 16:27:00+00:00,66.91000366210938,66.93000030517578,66.86000061035156,66.86000061035156,116.0
2025-03-13 16:28:00+00:00,66.91000366210938,66.91999816894531,66.87999725341797,66.9000015258789,188.0
2025-03-13 16:29:00+00:00,66.8499984741211,66.91000366210938,66.81999969482422,66.9000015258789,584.0
2025-03-13 16:30:00+00:00,66.80999755859375,66.86000061035156,66.79000091552734,66.86000061035156,441.0
2025-03-13 16:31:00+00:00,66.87999725341797,66.91999816894531,66.80999755859375,66.80999755859375,379.0
2025-03-13 16:32:00+00:00,66.79000091552734,66.91000366210938,66.7699966430664,66.87999725341797,622.0
2025-03-13 16:33:00+00:00,66.79000091552734,66.81999969482422,66.7300033569336,66.77999877929688,399.0
2025-03-13 16:34:00+00:00,66.81999969482422,66.83000183105469,66.79000091552734,66.79000091552734,158.0
2025-03-13 16:35:00+00:00,66.80999755859375,66.80999755859375,66.79000091552734,66.80000305175781,193.0
2025-03-13 16:36:00+00:00,66.80000305175781,66.87000274658203,66.80000305175781,66.81999969482422,846.0
2025-03-13 16:37:00+00:00,66.80000305175781,66.80999755859375,66.76000213623047,66.80000305175781,126.0
2025-03-13 16:38:00+00:00,66.77999877929688,66.80999755859375,66.75,66.80999755859375,168.0
2025-03-13 16:39:00+00:00,66.79000091552734,66.80999755859375,66.77999877929688,66.79000091552734,75.0
2025-03-13 16:40:00+00:00,66.81999969482422,66.81999969482422,66.79000091552734,66.80000305175781,219.0
2025-03-13 16:41:00+00:00,66.77999877929688,66.83000183105469,66.77999877929688,66.81999969482422,73.0
2025-03-13 16:42:00+00:00,66.79000091552734,66.80000305175781,66.7699966430664,66.79000091552734,143.0
2025-03-13 16:43:00+00:00,66.75,66.80999755859375,66.72000122070312,66.79000091552734,1027.0
2025-03-13 16:44:00+00:00,66.69000244140625,66.76000213623047,66.66999816894531,66.75,537.0
2025-03-13 16:45:00+00:00,66.70999908447266,66.73999786376953,66.68000030517578,66.69000244140625,290.0
2025-03-13 16:46:00+00:00,66.68000030517578,66.72000122070312,66.66999816894531,66.70999908447266,275.0
2025-03-13 16:47:00+00:00,66.62000274658203,66.70999908447266,66.5999984741211,66.68000030517578,520.0
2025-03-13 16:48:00+00:00,66.63999938964844,66.6500015258789,66.62000274658203,66.62000274658203,523.0
2025-03-13 16:49:00+00:00,66.62999725341797,66.6500015258789,66.61000061035156,66.63999938964844,211.0
2025-03-13 16:50:00+00:00,66.68000030517578,66.68000030517578,66.5999984741211,66.62999725341797,327.0
2025-03-13 16:51:00+00:00,66.6500015258789,66.69000244140625,66.6500015258789,66.68000030517578,249.0
2025-03-13 16:52:00+00:00,66.66999816894531,66.72000122070312,66.6500015258789,66.6500015258789,439.0
2025-03-13 16:53:00+00:00,66.68000030517578,66.69999694824219,66.66999816894531,66.68000030517578,317.0
2025-03-13 16:54:00+00:00,66.6500015258789,66.69999694824219,66.63999938964844,66.68000030517578,657.0
2025-03-13 16:55:00+00:00,66.66000366210938,66.70999908447266,66.62000274658203,66.66000366210938,667.0
2025-03-13 16:56:00+00:00,66.66000366210938,66.66999816894531,66.62000274658203,66.66000366210938,193.0
2025-03-13 16:57:00+00:00,66.6500015258789,66.68000030517578,66.63999938964844,66.66000366210938,108.0
2025-03-13 16:58:00+00:00,66.66000366210938,66.68000030517578,66.63999938964844,66.6500015258789,154.0
2025-03-13 16:59:00+00:00,66.69999694824219,66.69999694824219,66.62999725341797,66.66000366210938,1291.0
2025-03-13 17:00:00+00:00,66.76000213623047,66.76000213623047,66.69999694824219,66.69999694824219,714.0
2025-03-13 17:01:00+00:00,66.69999694824219,66.73999786376953,66.68000030517578,66.73999786376953,231.0
2025-03-13 17:02:00+00:00,66.69000244140625,66.70999908447266,66.66999816894531,66.69000244140625,96.0
2025-03-13 17:03:00+00:00,66.66000366210938,66.69999694824219,66.66000366210938,66.68000030517578,509.0
2025-03-13 17:04:00+00:00,66.68000030517578,66.69000244140625,66.66000366210938,66.66000366210938,230.0
2025-03-13 17:05:00+00:00,66.73999786376953,66.73999786376953,66.68000030517578,66.69000244140625,204.0
2025-03-13 17:06:00+00:00,66.69999694824219,66.7300033569336,66.69999694824219,66.7300033569336,161.0
2025-03-13 17:07:00+00:00,66.76000213623047,66.76000213623047,66.70999908447266,66.70999908447266,101.0
2025-03-13 17:08:00+00:00,66.7300033569336,66.76000213623047,66.72000122070312,66.76000213623047,351.0
2025-03-13 17:09:00+00:00,66.70999908447266,66.7300033569336,66.69999694824219,66.72000122070312,108.0
2025-03-13 17:10:00+00:00,66.73999786376953,66.77999877929688,66.69000244140625,66.70999908447266,282.0
2025-03-13 17:11:00+00:00,66.72000122070312,66.75,66.69999694824219,66.7300033569336,156.0
2025-03-13 17:12:00+00:00,66.7300033569336,66.7300033569336,66.70999908447266,66.7300033569336,106.0
2025-03-13 17:13:00+00:00,66.69000244140625,66.7300033569336,66.68000030517578,66.7300033569336,117.0
2025-03-13 17:14:00+00:00,66.5999984741211,66.69000244140625,66.58999633789062,66.68000030517578,735.0
2025-03-13 17:15:00+00:00,66.58999633789062,66.62000274658203,66.58000183105469,66.61000061035156,161.0
2025-03-13 17:16:00+00:00,66.55999755859375,66.61000061035156,66.55999755859375,66.58999633789062,196.0
2025-03-13 17:17:00+00:00,66.54000091552734,66.55999755859375,66.51000213623047,66.55999755859375,394.0
2025-03-13 17:18:00+00:00,66.5199966430664,66.55000305175781,66.51000213623047,66.54000091552734,109.0
2025-03-13 17:19:00+00:00,66.52999877929688,66.52999877929688,66.5,66.5199966430664,235.0
2025-03-13 17:20:00+00:00,66.52999877929688,66.55000305175781,66.51000213623047,66.5199966430664,612.0
2025-03-13 17:21:00+00:00,66.58000183105469,66.58000183105469,66.52999877929688,66.52999877929688,177.0
2025-03-13 17:22:00+00:00,66.62000274658203,66.62999725341797,66.56999969482422,66.58000183105469,1242.0
2025-03-13 17:23:00+00:00,66.55000305175781,66.62000274658203,66.52999877929688,66.61000061035156,218.0
2025-03-13 17:24:00+00:00,66.55999755859375,66.55999755859375,66.54000091552734,66.55000305175781,88.0
2025-03-13 17:25:00+00:00,66.5999984741211,66.61000061035156,66.55000305175781,66.55999755859375,167.0
2025-03-13 17:26:00+00:00,66.55000305175781,66.61000061035156,66.54000091552734,66.58999633789062,184.0
2025-03-13 17:27:00+00:00,66.52999877929688,66.56999969482422,66.5199966430664,66.55000305175781,219.0
2025-03-13 17:28:00+00:00,66.54000091552734,66.55000305175781,66.51000213623047,66.52999877929688,434.0
2025-03-13 17:29:00+00:00,66.55000305175781,66.55999755859375,66.5199966430664,66.54000091552734,210.0
2025-03-13 17:30:00+00:00,66.52999877929688,66.55000305175781,66.51000213623047,66.54000091552734,148.0
2025-03-13 17:31:00+00:00,66.48999786376953,66.58000183105469,66.48999786376953,66.52999877929688,191.0
2025-03-13 17:32:00+00:00,66.52999877929688,66.52999877929688,66.47000122070312,66.5,187.0
2025-03-13 17:33:00+00:00,66.52999877929688,66.54000091552734,66.52999877929688,66.52999877929688,71.0
2025-03-13 17:34:00+00:00,66.5,66.54000091552734,66.5,66.54000091552734,130.0
2025-03-13 17:35:00+00:00,66.5,66.51000213623047,66.4800033569336,66.48999786376953,201.0
2025-03-13 17:36:00+00:00,66.5199966430664,66.52999877929688,66.48999786376953,66.51000213623047,373.0
2025-03-13 17:37:00+00:00,66.5999984741211,66.5999984741211,66.5199966430664,66.52999877929688,470.0
2025-03-13 17:38:00+00:00,66.5999984741211,66.63999938964844,66.58000183105469,66.5999984741211,342.0
2025-03-13 17:39:00+00:00,66.52999877929688,66.5999984741211,66.5199966430664,66.5999984741211,322.0
2025-03-13 17:40:00+00:00,66.55000305175781,66.55999755859375,66.51000213623047,66.52999877929688,172.0
2025-03-13 17:41:00+00:00,66.51000213623047,66.55000305175781,66.51000213623047,66.55000305175781,343.0
2025-03-13 17:42:00+00:00,66.51000213623047,66.54000091552734,66.48999786376953,66.51000213623047,242.0
2025-03-13 17:43:00+00:00,66.52999877929688,66.54000091552734,66.51000213623047,66.51000213623047,107.0
2025-03-13 17:44:00+00:00,66.51000213623047,66.54000091552734,66.5,66.5199966430664,198.0
2025-03-13 17:45:00+00:00,66.47000122070312,66.51000213623047,66.45999908447266,66.51000213623047,193.0
2025-03-13 17:46:00+00:00,66.4800033569336,66.5199966430664,66.47000122070312,66.47000122070312,664.0
2025-03-13 17:47:00+00:00,66.4800033569336,66.4800033569336,66.47000122070312,66.47000122070312,94.0
2025-03-13 17:48:00+00:00,66.48999786376953,66.5,66.4800033569336,66.4800033569336,108.0
2025-03-13 17:49:00+00:00,66.45999908447266,66.48999786376953,66.44999694824219,66.48999786376953,533.0
2025-03-13 17:50:00+00:00,66.47000122070312,66.48999786376953,66.44000244140625,66.44999694824219,425.0
2025-03-13 17:51:00+00:00,66.5,66.51000213623047,66.45999908447266,66.45999908447266,346.0
2025-03-13 17:52:00+00:00,66.55999755859375,66.56999969482422,66.48999786376953,66.5,232.0
2025-03-13 17:53:00+00:00,66.55000305175781,66.58000183105469,66.54000091552734,66.55999755859375,188.0
2025-03-13 17:54:00+00:00,66.51000213623047,66.55000305175781,66.51000213623047,66.55000305175781,147.0
2025-03-13 17:55:00+00:00,66.51000213623047,66.52999877929688,66.48999786376953,66.5199966430664,150.0
2025-03-13 17:56:00+00:00,66.48999786376953,66.5,66.4800033569336,66.48999786376953,135.0
2025-03-13 17:57:00+00:00,66.44999694824219,66.4800033569336,66.44000244140625,66.4800033569336,138.0
2025-03-13 17:58:00+00:00,66.44999694824219,66.45999908447266,66.44999694824219,66.44999694824219,124.0
2025-03-13 17:59:00+00:00,66.45999908447266,66.47000122070312,66.44000244140625,66.44999694824219,275.0
2025-03-13 18:00:00+00:00,66.5199966430664,66.52999877929688,66.38999938964844,66.44999694824219,878.0
2025-03-13 18:01:00+00:00,66.5199966430664,66.54000091552734,66.5,66.5199966430664,158.0
2025-03-13 18:02:00+00:00,66.5199966430664,66.55999755859375,66.5199966430664,66.5199966430664,207.0
2025-03-13 18:03:00+00:00,66.56999969482422,66.56999969482422,66.5,66.5199966430664,319.0
2025-03-13 18:04:00+00:00,66.55999755859375,66.56999969482422,66.54000091552734,66.56999969482422,178.0
2025-03-13 18:05:00+00:00,66.58999633789062,66.5999984741211,66.55999755859375,66.56999969482422,166.0
2025-03-13 18:06:00+00:00,66.54000091552734,66.58999633789062,66.54000091552734,66.58000183105469,197.0
2025-03-13 18:07:00+00:00,66.5,66.55000305175781,66.4800033569336,66.55000305175781,881.0
2025-03-13 18:08:00+00:00,66.5199966430664,66.54000091552734,66.4800033569336,66.48999786376953,257.0
2025-03-13 18:09:00+00:00,66.47000122070312,66.55000305175781,66.47000122070312,66.51000213623047,862.0
2025-03-13 18:10:00+00:00,66.54000091552734,66.54000091552734,66.44000244140625,66.47000122070312,859.0
2025-03-13 18:11:00+00:00,66.44999694824219,66.52999877929688,66.44999694824219,66.52999877929688,317.0
2025-03-13 18:12:00+00:00,66.47000122070312,66.4800033569336,66.44999694824219,66.44999694824219,175.0
2025-03-13 18:13:00+00:00,66.55000305175781,66.55000305175781,66.4800033569336,66.4800033569336,757.0
2025-03-13 18:14:00+00:00,66.55999755859375,66.58000183105469,66.55000305175781,66.55000305175781,525.0
2025-03-13 18:15:00+00:00,66.52999877929688,66.55999755859375,66.52999877929688,66.55999755859375,207.0
2025-03-13 18:16:00+00:00,66.5,66.54000091552734,66.48999786376953,66.52999877929688,686.0
2025-03-13 18:17:00+00:00,66.51000213623047,66.52999877929688,66.5,66.5,191.0
2025-03-13 18:18:00+00:00,66.4800033569336,66.51000213623047,66.47000122070312,66.51000213623047,648.0
2025-03-13 18:19:00+00:00,66.5,66.5199966430664,66.45999908447266,66.4800033569336,556.0
2025-03-13 18:20:00+00:00,66.52999877929688,66.54000091552734,66.5,66.51000213623047,181.0
2025-03-13 18:21:00+00:00,66.51000213623047,66.54000091552734,66.48999786376953,66.52999877929688,215.0
2025-03-13 18:22:00+00:00,66.52999877929688,66.52999877929688,66.4800033569336,66.5,444.0
2025-03-13 18:23:00+00:00,66.55999755859375,66.56999969482422,66.51000213623047,66.52999877929688,1987.0
2025-03-13 18:24:00+00:00,66.5999984741211,66.62999725341797,66.54000091552734,66.55999755859375,681.0
2025-03-13 18:25:00+00:00,66.5999984741211,66.62000274658203,66.58999633789062,66.5999984741211,414.0
2025-03-13 18:26:00+00:00,66.55000305175781,66.61000061035156,66.55000305175781,66.5999984741211,2091.0
2025-03-13 18:27:00+00:00,66.44999694824219,66.55000305175781,66.44000244140625,66.54000091552734,6962.0
2025-03-13 18:28:00+00:00,66.56999969482422,66.58000183105469,66.41999816894531,66.45999908447266,8349.0
2025-03-13 18:29:00+00:00,66.55999755859375,66.58999633789062,66.55000305175781,66.56999969482422,8130.0
2025-03-13 18:30:00+00:00,66.55000305175781,66.56999969482422,66.5199966430664,66.55999755859375,1308.0
2025-03-13 18:31:00+00:00,66.54000091552734,66.55999755859375,66.52999877929688,66.54000091552734,508.0
2025-03-13 18:32:00+00:00,66.55000305175781,66.55000305175781,66.52999877929688,66.55000305175781,501.0
2025-03-13 18:33:00+00:00,66.55000305175781,66.58999633789062,66.55000305175781,66.55999755859375,427.0
2025-03-13 18:34:00+00:00,66.52999877929688,66.56999969482422,66.52999877929688,66.55000305175781,150.0
2025-03-13 18:35:00+00:00,66.5,66.55000305175781,66.5,66.5199966430664,188.0
2025-03-13 18:36:00+00:00,66.51000213623047,66.52999877929688,66.48999786376953,66.5,94.0
2025-03-13 18:37:00+00:00,66.5199966430664,66.5199966430664,66.5,66.5,74.0
2025-03-13 18:38:00+00:00,66.51000213623047,66.5199966430664,66.51000213623047,66.51000213623047,46.0
2025-03-13 18:39:00+00:00,66.51000213623047,66.5199966430664,66.51000213623047,66.51000213623047,63.0
2025-03-13 18:40:00+00:00,66.5,66.5199966430664,66.48999786376953,66.51000213623047,390.0
2025-03-13 18:41:00+00:00,66.52999877929688,66.52999877929688,66.51000213623047,66.51000213623047,1140.0
2025-03-13 18:42:00+00:00,66.55999755859375,66.55999755859375,66.52999877929688,66.52999877929688,91.0
2025-03-13 18:43:00+00:00,66.56999969482422,66.56999969482422,66.55000305175781,66.55999755859375,62.0
2025-03-13 18:44:00+00:00,66.56999969482422,66.56999969482422,66.55999755859375,66.55999755859375,38.0
2025-03-13 18:45:00+00:00,66.52999877929688,66.56999969482422,66.52999877929688,66.56999969482422,118.0
2025-03-13 18:46:00+00:00,66.55000305175781,66.55999755859375,66.54000091552734,66.54000091552734,136.0
2025-03-13 18:47:00+00:00,66.55000305175781,66.55999755859375,66.55000305175781,66.55000305175781,46.0
2025-03-13 18:48:00+00:00,66.55999755859375,66.55999755859375,66.55000305175781,66.55000305175781,49.0
2025-03-13 18:49:00+00:00,66.55999755859375,66.55999755859375,66.55000305175781,66.55999755859375,29.0
2025-03-13 18:50:00+00:00,66.55000305175781,66.55999755859375,66.55000305175781,66.55000305175781,62.0
2025-03-13 18:51:00+00:00,66.55000305175781,66.55999755859375,66.55000305175781,66.55000305175781,15.0
2025-03-13 18:52:00+00:00,66.5199966430664,66.55999755859375,66.51000213623047,66.55000305175781,82.0
2025-03-13 18:53:00+00:00,66.5199966430664,66.52999877929688,66.5199966430664,66.52999877929688,55.0
2025-03-13 18:54:00+00:00,66.54000091552734,66.54000091552734,66.51000213623047,66.5199966430664,529.0
2025-03-13 18:55:00+00:00,66.52999877929688,66.55000305175781,66.52999877929688,66.54000091552734,101.0
2025-03-13 18:56:00+00:00,66.5199966430664,66.55000305175781,66.51000213623047,66.52999877929688,501.0
2025-03-13 18:57:00+00:00,66.5199966430664,66.52999877929688,66.5199966430664,66.5199966430664,48.0
2025-03-13 18:58:00+00:00,66.55999755859375,66.55999755859375,66.5199966430664,66.5199966430664,209.0
2025-03-13 18:59:00+00:00,66.55000305175781,66.56999969482422,66.54000091552734,66.55999755859375,35.0
2025-03-13 19:00:00+00:00,66.58000183105469,66.58999633789062,66.54000091552734,66.54000091552734,227.0
2025-03-13 19:01:00+00:00,66.58999633789062,66.61000061035156,66.58999633789062,66.58999633789062,67.0
2025-03-13 19:02:00+00:00,66.58000183105469,66.58999633789062,66.56999969482422,66.58999633789062,73.0
2025-03-13 19:03:00+00:00,66.56999969482422,66.58000183105469,66.55999755859375,66.56999969482422,10.0
2025-03-13 19:04:00+00:00,66.56999969482422,66.5999984741211,66.55000305175781,66.55000305175781,125.0
2025-03-13 19:05:00+00:00,66.5199966430664,66.58000183105469,66.5199966430664,66.56999969482422,71.0
2025-03-13 19:06:00+00:00,66.54000091552734,66.55000305175781,66.5199966430664,66.5199966430664,45.0
2025-03-13 19:07:00+00:00,66.52999877929688,66.52999877929688,66.5199966430664,66.52999877929688,34.0
2025-03-13 19:08:00+00:00,66.52999877929688,66.54000091552734,66.5,66.52999877929688,95.0
2025-03-13 19:09:00+00:00,66.5199966430664,66.5199966430664,66.51000213623047,66.51000213623047,42.0
2025-03-13 19:10:00+00:00,66.5199966430664,66.52999877929688,66.5199966430664,66.5199966430664,22.0
2025-03-13 19:11:00+00:00,66.52999877929688,66.54000091552734,66.51000213623047,66.52999877929688,79.0
2025-03-13 19:12:00+00:00,66.54000091552734,66.54000091552734,66.52999877929688,66.52999877929688,54.0
2025-03-13 19:13:00+00:00,66.55999755859375,66.56999969482422,66.55000305175781,66.55000305175781,61.0
2025-03-13 19:14:00+00:00,66.55999755859375,66.55999755859375,66.55000305175781,66.55000305175781,40.0
2025-03-13 19:15:00+00:00,66.55999755859375,66.55999755859375,66.55999755859375,66.55999755859375,42.0
2025-03-13 19:16:00+00:00,66.58000183105469,66.5999984741211,66.55999755859375,66.55999755859375,118.0
2025-03-13 19:17:00+00:00,66.58999633789062,66.5999984741211,66.56999969482422,66.58000183105469,110.0
2025-03-13 19:18:00+00:00,66.58000183105469,66.58999633789062,66.58000183105469,66.58999633789062,5.0
2025-03-13 19:19:00+00:00,66.5999984741211,66.5999984741211,66.58000183105469,66.58000183105469,31.0
2025-03-13 19:20:00+00:00,66.58999633789062,66.61000061035156,66.56999969482422,66.5999984741211,213.0
2025-03-13 19:21:00+00:00,66.58999633789062,66.58999633789062,66.58999633789062,66.58999633789062,16.0
2025-03-13 19:22:00+00:00,66.5999984741211,66.5999984741211,66.58000183105469,66.58000183105469,61.0
2025-03-13 19:23:00+00:00,66.58999633789062,66.58999633789062,66.58999633789062,66.58999633789062,21.0
2025-03-13 19:24:00+00:00,66.58999633789062,66.58999633789062,66.58999633789062,66.58999633789062,12.0
2025-03-13 19:25:00+00:00,66.56999969482422,66.58999633789062,66.56999969482422,66.58999633789062,39.0
2025-03-13 19:26:00+00:00,66.55999755859375,66.58000183105469,66.55999755859375,66.56999969482422,121.0
2025-03-13 19:27:00+00:00,66.55999755859375,66.56999969482422,66.55999755859375,66.56999969482422,30.0
2025-03-13 19:28:00+00:00,66.56999969482422,66.62000274658203,66.55999755859375,66.56999969482422,375.0
2025-03-13 19:29:00+00:00,66.58999633789062,66.58999633789062,66.56999969482422,66.56999969482422,199.0
2025-03-13 19:30:00+00:00,66.63999938964844,66.63999938964844,66.5999984741211,66.5999984741211,71.0
2025-03-13 19:31:00+00:00,66.6500015258789,66.6500015258789,66.62999725341797,66.63999938964844,110.0
2025-03-13 19:32:00+00:00,66.62999725341797,66.66000366210938,66.62999725341797,66.63999938964844,90.0
2025-03-13 19:33:00+00:00,66.6500015258789,66.6500015258789,66.62999725341797,66.62999725341797,52.0
2025-03-13 19:34:00+00:00,66.6500015258789,66.66000366210938,66.63999938964844,66.6500015258789,53.0
2025-03-13 19:35:00+00:00,66.6500015258789,66.66999816894531,66.6500015258789,66.6500015258789,40.0
2025-03-13 19:36:00+00:00,66.6500015258789,66.6500015258789,66.63999938964844,66.6500015258789,50.0
2025-03-13 19:37:00+00:00,66.66999816894531,66.66999816894531,66.63999938964844,66.6500015258789,942.0
2025-03-13 19:38:00+00:00,66.63999938964844,66.68000030517578,66.63999938964844,66.66000366210938,308.0
2025-03-13 19:39:00+00:00,66.62000274658203,66.63999938964844,66.61000061035156,66.62999725341797,101.0
2025-03-13 19:40:00+00:00,66.63999938964844,66.6500015258789,66.62000274658203,66.62999725341797,31.0
2025-03-13 19:41:00+00:00,66.61000061035156,66.63999938964844,66.61000061035156,66.63999938964844,97.0
2025-03-13 19:42:00+00:00,66.58999633789062,66.61000061035156,66.58000183105469,66.61000061035156,182.0
2025-03-13 19:43:00+00:00,66.56999969482422,66.58999633789062,66.55999755859375,66.58999633789062,86.0
2025-03-13 19:44:00+00:00,66.5999984741211,66.61000061035156,66.56999969482422,66.56999969482422,79.0
2025-03-13 19:45:00+00:00,66.58000183105469,66.61000061035156,66.58000183105469,66.61000061035156,33.0
2025-03-13 19:46:00+00:00,66.58999633789062,66.58999633789062,66.58000183105469,66.58000183105469,24.0
2025-03-13 19:47:00+00:00,66.5999984741211,66.5999984741211,66.58000183105469,66.58000183105469,38.0
2025-03-13 19:48:00+00:00,66.61000061035156,66.61000061035156,66.5999984741211,66.61000061035156,33.0
2025-03-13 19:49:00+00:00,66.62999725341797,66.62999725341797,66.5999984741211,66.61000061035156,97.0
2025-03-13 19:50:00+00:00,66.61000061035156,66.62000274658203,66.5999984741211,66.62000274658203,115.0
2025-03-13 19:51:00+00:00,66.58999633789062,66.5999984741211,66.58000183105469,66.5999984741211,31.0
2025-03-13 19:52:00+00:00,66.61000061035156,66.61000061035156,66.58999633789062,66.58999633789062,19.0
2025-03-13 19:53:00+00:00,66.5999984741211,66.62000274658203,66.5999984741211,66.61000061035156,67.0
2025-03-13 19:54:00+00:00,66.61000061035156,66.61000061035156,66.5999984741211,66.5999984741211,31.0
2025-03-13 19:55:00+00:00,66.58999633789062,66.62000274658203,66.58000183105469,66.62000274658203,84.0
2025-03-13 19:56:00+00:00,66.58000183105469,66.58999633789062,66.58000183105469,66.58999633789062,29.0
2025-03-13 19:57:00+00:00,66.55000305175781,66.58999633789062,66.55000305175781,66.58000183105469,119.0
2025-03-13 19:58:00+00:00,66.55000305175781,66.55999755859375,66.55000305175781,66.55000305175781,26.0
2025-03-13 19:59:00+00:00,66.55999755859375,66.56999969482422,66.55000305175781,66.55999755859375,63.0
2025-03-13 20:00:00+00:00,66.58000183105469,66.58000183105469,66.55999755859375,66.55999755859375,84.0
2025-03-13 20:01:00+00:00,66.58000183105469,66.58999633789062,66.56999969482422,66.58000183105469,29.0
2025-03-13 20:02:00+00:00,66.58999633789062,66.58999633789062,66.56999969482422,66.58000183105469,69.0
2025-03-13 20:03:00+00:00,66.5999984741211,66.61000061035156,66.58000183105469,66.58999633789062,31.0
2025-03-13 20:04:00+00:00,66.61000061035156,66.61000061035156,66.58999633789062,66.5999984741211,46.0
2025-03-13 20:05:00+00:00,66.62999725341797,66.62999725341797,66.62000274658203,66.62000274658203,34.0
2025-03-13 20:06:00+00:00,66.5999984741211,66.62999725341797,66.58000183105469,66.62999725341797,868.0
2025-03-13 20:07:00+00:00,66.5999984741211,66.5999984741211,66.58999633789062,66.5999984741211,73.0
2025-03-13 20:08:00+00:00,66.58000183105469,66.5999984741211,66.58000183105469,66.5999984741211,411.0
2025-03-13 20:09:00+00:00,66.58000183105469,66.5999984741211,66.56999969482422,66.58999633789062,126.0
2025-03-13 20:10:00+00:00,66.58999633789062,66.58999633789062,66.58999633789062,66.58999633789062,41.0
2025-03-13 20:11:00+00:00,66.5999984741211,66.5999984741211,66.58999633789062,66.58999633789062,24.0
2025-03-13 20:12:00+00:00,66.58000183105469,66.5999984741211,66.56999969482422,66.5999984741211,65.0
2025-03-13 20:13:00+00:00,66.55999755859375,66.56999969482422,66.55999755859375,66.56999969482422,114.0
2025-03-13 20:14:00+00:00,66.55000305175781,66.55999755859375,66.55000305175781,66.55999755859375,33.0
2025-03-13 20:15:00+00:00,66.55999755859375,66.56999969482422,66.55999755859375,66.55999755859375,52.0
2025-03-13 20:16:00+00:00,66.55999755859375,66.55999755859375,66.54000091552734,66.55000305175781,24.0
2025-03-13 20:17:00+00:00,66.56999969482422,66.56999969482422,66.55999755859375,66.55999755859375,6.0
2025-03-13 20:18:00+00:00,66.58000183105469,66.58000183105469,66.58000183105469,66.58000183105469,1.0
2025-03-13 20:19:00+00:00,66.58000183105469,66.58999633789062,66.58000183105469,66.58000183105469,8.0
2025-03-13 20:20:00+00:00,66.58000183105469,66.58000183105469,66.56999969482422,66.56999969482422,10.0
2025-03-13 20:21:00+00:00,66.58000183105469,66.58000183105469,66.58000183105469,66.58000183105469,62.0
2025-03-13 20:22:00+00:00,66.58999633789062,66.58999633789062,66.56999969482422,66.56999969482422,24.0
2025-03-13 20:23:00+00:00,66.5999984741211,66.61000061035156,66.5999984741211,66.5999984741211,13.0
2025-03-13 20:24:00+00:00,66.58000183105469,66.58999633789062,66.56999969482422,66.58999633789062,30.0
2025-03-13 20:25:00+00:00,66.56999969482422,66.58000183105469,66.56999969482422,66.58000183105469,7.0
2025-03-13 20:26:00+00:00,66.56999969482422,66.58000183105469,66.56999969482422,66.58000183105469,9.0
2025-03-13 20:27:00+00:00,66.55999755859375,66.55999755859375,66.55999755859375,66.55999755859375,29.0
2025-03-13 20:28:00+00:00,66.55999755859375,66.55999755859375,66.55999755859375,66.55999755859375,5.0
2025-03-13 20:29:00+00:00,66.56999969482422,66.56999969482422,66.55999755859375,66.55999755859375,21.0
2025-03-13 20:30:00+00:00,66.55000305175781,66.56999969482422,66.55000305175781,66.56999969482422,37.0
2025-03-13 20:31:00+00:00,66.55999755859375,66.55999755859375,66.55000305175781,66.55000305175781,90.0
2025-03-13 20:32:00+00:00,66.69999694824219,66.72000122070312,66.55000305175781,66.55000305175781,983.0
2025-03-13 20:33:00+00:00,66.66999816894531,66.72000122070312,66.62999725341797,66.69999694824219,280.0
2025-03-13 20:34:00+00:00,66.69999694824219,66.70999908447266,66.68000030517578,66.68000030517578,107.0
2025-03-13 20:35:00+00:00,66.66999816894531,66.72000122070312,66.66000366210938,66.70999908447266,124.0
2025-03-13 20:36:00+00:00,66.6500015258789,66.66000366210938,66.5999984741211,66.66000366210938,159.0
2025-03-13 20:37:00+00:00,66.68000030517578,66.69000244140625,66.66000366210938,66.66000366210938,42.0
2025-03-13 20:38:00+00:00,66.72000122070312,66.7300033569336,66.68000030517578,66.69000244140625,121.0
2025-03-13 20:39:00+00:00,66.69999694824219,66.7300033569336,66.69000244140625,66.70999908447266,142.0
2025-03-13 20:40:00+00:00,66.70999908447266,66.72000122070312,66.69000244140625,66.69999694824219,15.0
2025-03-13 20:41:00+00:00,66.69000244140625,66.69999694824219,66.68000030517578,66.69999694824219,42.0
2025-03-13 20:42:00+00:00,66.66000366210938,66.69000244140625,66.66000366210938,66.68000030517578,163.0
2025-03-13 20:43:00+00:00,66.69000244140625,66.69999694824219,66.66000366210938,66.66000366210938,105.0
2025-03-13 20:44:00+00:00,66.70999908447266,66.73999786376953,66.69999694824219,66.70999908447266,1336.0
2025-03-13 20:45:00+00:00,66.69999694824219,66.70999908447266,66.69000244140625,66.70999908447266,42.0
2025-03-13 20:46:00+00:00,66.69999694824219,66.69999694824219,66.69999694824219,66.69999694824219,19.0
2025-03-13 20:47:00+00:00,66.72000122070312,66.7300033569336,66.69999694824219,66.69999694824219,58.0
2025-03-13 20:48:00+00:00,66.73999786376953,66.75,66.7300033569336,66.7300033569336,63.0
2025-03-13 20:49:00+00:00,66.70999908447266,66.75,66.70999908447266,66.75,52.0
2025-03-13 20:50:00+00:00,66.7300033569336,66.7300033569336,66.69999694824219,66.69999694824219,66.0
2025-03-13 20:51:00+00:00,66.73999786376953,66.75,66.72000122070312,66.7300033569336,84.0
2025-03-13 20:52:00+00:00,66.73999786376953,66.75,66.73999786376953,66.73999786376953,5.0
2025-03-13 20:53:00+00:00,66.7300033569336,66.7300033569336,66.7300033569336,66.7300033569336,10.0
2025-03-13 20:54:00+00:00,66.7699966430664,66.77999877929688,66.7300033569336,66.7300033569336,100.0
2025-03-13 20:55:00+00:00,66.75,66.77999877929688,66.75,66.7699966430664,60.0
2025-03-13 20:56:00+00:00,66.76000213623047,66.79000091552734,66.75,66.75,89.0
2025-03-13 20:57:00+00:00,66.79000091552734,66.80000305175781,66.75,66.75,1138.0
2025-03-13 20:58:00+00:00,66.77999877929688,66.79000091552734,66.77999877929688,66.77999877929688,32.0
2025-03-13 20:59:00+00:00,66.76000213623047,66.77999877929688,66.75,66.77999877929688,38.0
2025-03-13 21:00:00+00:00,,,,,
2025-03-13 21:01:00+00:00,,,,,
2025-03-13 21:02:00+00:00,,,,,
2025-03-13 21:03:00+00:00,,,,,
2025-03-13 21:04:00+00:00,,,,,
2025-03-13 21:05:00+00:00,,,,,
2025-03-13 21:06:00+00:00,,,,,
2025-03-13 21:07:00+00:00,,,,,
2025-03-13 21:08:00+00:00,,,,,
2025-03-13 21:09:00+00:00,,,,,
2025-03-13 21:10:00+00:00,,,,,
2025-03-13 21:11:00+00:00,,,,,
2025-03-13 21:12:00+00:00,,,,,
2025-03-13 21:13:00+00:00,,,,,
2025-03-13 21:14:00+00:00,,,,,
2025-03-13 21:15:00+00:00,,,,,
2025-03-13 21:16:00+00:00,,,,,
2025-03-13 21:17:00+00:00,,,,,
2025-03-13 21:18:00+00:00,,,,,
2025-03-13 21:19:00+00:00,,,,,
2025-03-13 21:20:00+00:00,,,,,
2025-03-13 21:21:00+00:00,,,,,
2025-03-13 21:22:00+00:00,,,,,
2025-03-13 21:23:00+00:00,,,,,
2025-03-13 21:24:00+00:00,,,,,
2025-03-13 21:25:00+00:00,,,,,
2025-03-13 21:26:00+00:00,,,,,
2025-03-13 21:27:00+00:00,,,,,
2025-03-13 21:28:00+00:00,,,,,
2025-03-13 21:29:00+00:00,,,,,
2025-03-13 21:30:00+00:00,,,,,
2025-03-13 21:31:00+00:00,,,,,
2025-03-13 21:32:00+00:00,,,,,
2025-03-13 21:33:00+00:00,,,,,
2025-03-13 21:34:00+00:00,,,,,
2025-03-13 21:35:00+00:00,,,,,
2025-03-13 21:36:00+00:00,,,,,
2025-03-13 21:37:00+00:00,,,,,
2025-03-13 21:38:00+00:00,,,,,
2025-03-13 21:39:00+00:00,,,,,
2025-03-13 21:40:00+00:00,,,,,
2025-03-13 21:41:00+00:00,,,,,
2025-03-13 21:42:00+00:00,,,,,
2025-03-13 21:43:00+00:00,,,,,
2025-03-13 21:44:00+00:00,,,,,
2025-03-13 21:45:00+00:00,,,,,
2025-03-13 21:46:00+00:00,,,,,
2025-03-13 21:47:00+00:00,,,,,
2025-03-13 21:48:00+00:00,,,,,
2025-03-13 21:49:00+00:00,,,,,
2025-03-13 21:50:00+00:00,,,,,
2025-03-13 21:51:00+00:00,,,,,
2025-03-13 21:52:00+00:00,,,,,
2025-03-13 21:53:00+00:00,,,,,
2025-03-13 21:54:00+00:00,,,,,
2025-03-13 21:55:00+00:00,,,,,
2025-03-13 21:56:00+00:00,,,,,
2025-03-13 21:57:00+00:00,,,,,
2025-03-13 21:58:00+00:00,,,,,
2025-03-13 21:59:00+00:00,,,,,
2025-03-13 22:00:00+00:00,66.69000244140625,66.81999969482422,66.68000030517578,66.77999877929688,0.0
2025-03-13 22:01:00+00:00,66.68000030517578,66.69999694824219,66.66999816894531,66.69000244140625,102.0
2025-03-13 22:02:00+00:00,66.7300033569336,66.7300033569336,66.68000030517578,66.69000244140625,701.0
2025-03-13 22:03:00+00:00,66.7300033569336,66.73999786376953,66.72000122070312,66.7300033569336,454.0
2025-03-13 22:04:00+00:00,66.76000213623047,66.76000213623047,66.73999786376953,66.73999786376953,187.0
2025-03-13 22:05:00+00:00,66.75,66.76000213623047,66.73999786376953,66.73999786376953,31.0
2025-03-13 22:06:00+00:00,66.79000091552734,66.79000091552734,66.73999786376953,66.73999786376953,250.0
2025-03-13 22:07:00+00:00,66.81999969482422,66.83999633789062,66.79000091552734,66.79000091552734,33.0
2025-03-13 22:08:00+00:00,66.81999969482422,66.83000183105469,66.81999969482422,66.81999969482422,6.0
2025-03-13 22:09:00+00:00,66.83000183105469,66.83000183105469,66.80999755859375,66.83000183105469,13.0
2025-03-13 22:10:00+00:00,66.81999969482422,66.83000183105469,66.81999969482422,66.81999969482422,10.0
2025-03-13 22:11:00+00:00,66.83000183105469,66.83000183105469,66.81999969482422,66.81999969482422,7.0
2025-03-13 22:12:00+00:00,66.83999633789062,66.83999633789062,66.83999633789062,66.83999633789062,2.0
2025-03-13 22:13:00+00:00,66.8499984741211,66.8499984741211,66.83999633789062,66.83999633789062,15.0
2025-03-13 22:14:00+00:00,66.8499984741211,66.8499984741211,66.8499984741211,66.8499984741211,2.0
2025-03-13 22:15:00+00:00,66.86000061035156,66.87000274658203,66.86000061035156,66.86000061035156,31.0
2025-03-13 22:16:00+00:00,66.86000061035156,66.86000061035156,66.8499984741211,66.8499984741211,12.0
2025-03-13 22:17:00+00:00,66.86000061035156,66.86000061035156,66.86000061035156,66.86000061035156,1.0
2025-03-13 22:18:00+00:00,,,,,
2025-03-13 22:19:00+00:00,66.83999633789062,66.8499984741211,66.83999633789062,66.8499984741211,8.0
2025-03-13 22:20:00+00:00,66.83000183105469,66.83000183105469,66.83000183105469,66.83000183105469,3.0
2025-03-13 22:21:00+00:00,66.79000091552734,66.81999969482422,66.79000091552734,66.81999969482422,18.0
2025-03-13 22:22:00+00:00,66.79000091552734,66.79000091552734,66.79000091552734,66.79000091552734,2.0
2025-03-13 22:23:00+00:00,66.7699966430664,66.7699966430664,66.7699966430664,66.7699966430664,1.0
2025-03-13 22:24:00+00:00,66.7699966430664,66.7699966430664,66.7699966430664,66.7699966430664,1.0
2025-03-13 22:25:00+00:00,66.7699966430664,66.7699966430664,66.7699966430664,66.7699966430664,6.0
2025-03-13 22:26:00+00:00,66.73999786376953,66.7699966430664,66.73999786376953,66.76000213623047,25.0
2025-03-13 22:27:00+00:00,66.75,66.75,66.75,66.75,6.0
2025-03-13 22:28:00+00:00,66.73999786376953,66.73999786376953,66.73999786376953,66.73999786376953,15.0
2025-03-13 22:29:00+00:00,66.75,66.75,66.73999786376953,66.75,8.0
2025-03-13 22:30:00+00:00,66.7699966430664,66.7699966430664,66.75,66.75,18.0
2025-03-13 22:31:00+00:00,66.79000091552734,66.79000091552734,66.7699966430664,66.7699966430664,14.0
2025-03-13 22:32:00+00:00,66.79000091552734,66.80000305175781,66.79000091552734,66.79000091552734,14.0
2025-03-13 22:33:00+00:00,66.79000091552734,66.80000305175781,66.79000091552734,66.80000305175781,2.0
2025-03-13 22:34:00+00:00,66.80000305175781,66.81999969482422,66.80000305175781,66.80000305175781,35.0
2025-03-13 22:35:00+00:00,66.80999755859375,66.80999755859375,66.80000305175781,66.80000305175781,2.0
2025-03-13 22:36:00+00:00,66.80000305175781,66.80000305175781,66.80000305175781,66.80000305175781,4.0
2025-03-13 22:37:00+00:00,66.80999755859375,66.80999755859375,66.80999755859375,66.80999755859375,3.0
2025-03-13 22:38:00+00:00,66.80999755859375,66.80999755859375,66.80999755859375,66.80999755859375,1.0
2025-03-13 22:39:00+00:00,66.81999969482422,66.81999969482422,66.80999755859375,66.80999755859375,3.0
2025-03-13 22:40:00+00:00,66.81999969482422,66.83000183105469,66.81999969482422,66.83000183105469,11.0
2025-03-13 22:41:00+00:00,,,,,
2025-03-13 22:42:00+00:00,66.81999969482422,66.81999969482422,66.81999969482422,66.81999969482422,2.0
2025-03-13 22:43:00+00:00,66.81999969482422,66.81999969482422,66.81999969482422,66.81999969482422,2.0
2025-03-13 22:44:00+00:00,66.81999969482422,66.83000183105469,66.81999969482422,66.83000183105469,2.0
2025-03-13 22:45:00+00:00,66.83000183105469,66.83000183105469,66.83000183105469,66.83000183105469,3.0
2025-03-13 22:46:00+00:00,66.83999633789062,66.83999633789062,66.83999633789062,66.83999633789062,2.0
2025-03-13 22:47:00+00:00,66.83000183105469,66.83999633789062,66.83000183105469,66.83999633789062,7.0
2025-03-13 22:48:00+00:00,66.83000183105469,66.83000183105469,66.83000183105469,66.83000183105469,2.0
2025-03-13 22:49:00+00:00,66.83999633789062,66.83999633789062,66.83999633789062,66.83999633789062,2.0
2025-03-13 22:50:00+00:00,66.83000183105469,66.83000183105469,66.83000183105469,66.83000183105469,1.0
2025-03-13 22:51:00+00:00,66.8499984741211,66.8499984741211,66.8499984741211,66.8499984741211,3.0
2025-03-13 22:52:00+00:00,66.86000061035156,66.86000061035156,66.8499984741211,66.8499984741211,4.0
2025-03-13 22:53:00+00:00,66.83000183105469,66.8499984741211,66.83000183105469,66.8499984741211,9.0
2025-03-13 22:54:00+00:00,66.8499984741211,66.86000061035156,66.83999633789062,66.8499984741211,18.0
2025-03-13 22:55:00+00:00,66.8499984741211,66.86000061035156,66.8499984741211,66.86000061035156,23.0
2025-03-13 22:56:00+00:00,66.86000061035156,66.86000061035156,66.86000061035156,66.86000061035156,10.0
2025-03-13 22:57:00+00:00,66.86000061035156,66.86000061035156,66.86000061035156,66.86000061035156,2.0
2025-03-13 22:58:00+00:00,66.86000061035156,66.86000061035156,66.86000061035156,66.86000061035156,2.0
2025-03-13 22:59:00+00:00,66.83000183105469,66.8499984741211,66.83000183105469,66.8499984741211,12.0
2025-03-13 23:00:00+00:00,66.81999969482422,66.83000183105469,66.81999969482422,66.83000183105469,4.0
2025-03-13 23:01:00+00:00,66.83000183105469,66.83000183105469,66.81999969482422,66.81999969482422,9.0
2025-03-13 23:02:00+00:00,,,,,
2025-03-13 23:03:00+00:00,66.8499984741211,66.8499984741211,66.83000183105469,66.83000183105469,10.0
2025-03-13 23:04:00+00:00,66.8499984741211,66.8499984741211,66.8499984741211,66.8499984741211,2.0
2025-03-13 23:05:00+00:00,66.83000183105469,66.83000183105469,66.83000183105469,66.83000183105469,1.0
2025-03-13 23:06:00+00:00,66.8499984741211,66.8499984741211,66.83999633789062,66.83999633789062,12.0
2025-03-13 23:07:00+00:00,66.8499984741211,66.86000061035156,66.83000183105469,66.86000061035156,22.0
2025-03-13 23:08:00+00:00,66.83999633789062,66.8499984741211,66.80999755859375,66.83999633789062,70.0
2025-03-13 23:09:00+00:00,66.87000274658203,66.87000274658203,66.83000183105469,66.83000183105469,30.0
2025-03-13 23:10:00+00:00,66.86000061035156,66.87999725341797,66.86000061035156,66.87999725341797,7.0
2025-03-13 23:11:00+00:00,66.87000274658203,66.87999725341797,66.87000274658203,66.87999725341797,4.0
2025-03-13 23:12:00+00:00,66.86000061035156,66.87999725341797,66.86000061035156,66.87999725341797,10.0
2025-03-13 23:13:00+00:00,,,,,
2025-03-13 23:14:00+00:00,66.86000061035156,66.87000274658203,66.8499984741211,66.86000061035156,19.0
2025-03-13 23:15:00+00:00,66.8499984741211,66.8499984741211,66.8499984741211,66.8499984741211,5.0
2025-03-13 23:16:00+00:00,66.8499984741211,66.86000061035156,66.8499984741211,66.86000061035156,7.0
2025-03-13 23:17:00+00:00,66.87999725341797,66.87999725341797,66.8499984741211,66.86000061035156,35.0
2025-03-13 23:18:00+00:00,66.87999725341797,66.88999938964844,66.86000061035156,66.87000274658203,91.0
2025-03-13 23:19:00+00:00,66.87999725341797,66.9000015258789,66.87000274658203,66.87999725341797,81.0
2025-03-13 23:20:00+00:00,66.83000183105469,66.87000274658203,66.81999969482422,66.87000274658203,30.0
2025-03-13 23:21:00+00:00,66.83000183105469,66.83000183105469,66.83000183105469,66.83000183105469,1.0
2025-03-13 23:22:00+00:00,66.8499984741211,66.8499984741211,66.81999969482422,66.81999969482422,19.0
2025-03-13 23:23:00+00:00,66.9000015258789,66.9000015258789,66.8499984741211,66.86000061035156,81.0
2025-03-13 23:24:00+00:00,66.91000366210938,66.91999816894531,66.87999725341797,66.9000015258789,95.0
2025-03-13 23:25:00+00:00,66.87999725341797,66.9000015258789,66.87999725341797,66.9000015258789,9.0
2025-03-13 23:26:00+00:00,66.9000015258789,66.9000015258789,66.88999938964844,66.88999938964844,5.0
2025-03-13 23:27:00+00:00,66.87999725341797,66.9000015258789,66.87999725341797,66.9000015258789,4.0
2025-03-13 23:28:00+00:00,,,,,
2025-03-13 23:29:00+00:00,66.87999725341797,66.87999725341797,66.87999725341797,66.87999725341797,1.0
2025-03-13 23:30:00+00:00,66.88999938964844,66.88999938964844,66.88999938964844,66.88999938964844,7.0
2025-03-13 23:31:00+00:00,66.88999938964844,66.88999938964844,66.88999938964844,66.88999938964844,3.0
2025-03-13 23:32:00+00:00,66.87999725341797,66.88999938964844,66.87999725341797,66.88999938964844,21.0
2025-03-13 23:33:00+00:00,,,,,
2025-03-13 23:34:00+00:00,,,,,
2025-03-13 23:35:00+00:00,66.87000274658203,66.87000274658203,66.87000274658203,66.87000274658203,7.0
2025-03-13 23:36:00+00:00,66.86000061035156,66.87000274658203,66.86000061035156,66.86000061035156,6.0
2025-03-13 23:37:00+00:00,66.86000061035156,66.87000274658203,66.86000061035156,66.87000274658203,3.0
2025-03-13 23:38:00+00:00,66.87000274658203,66.87000274658203,66.86000061035156,66.86000061035156,5.0
2025-03-13 23:39:00+00:00,66.87000274658203,66.87000274658203,66.86000061035156,66.86000061035156,6.0
2025-03-13 23:40:00+00:00,66.87000274658203,66.87000274658203,66.87000274658203,66.87000274658203,1.0
2025-03-13 23:41:00+00:00,,,,,
2025-03-13 23:42:00+00:00,,,,,
2025-03-13 23:43:00+00:00,,,,,
2025-03-13 23:44:00+00:00,,,,,
2025-03-13 23:45:00+00:00,66.86000061035156,66.87000274658203,66.8499984741211,66.86000061035156,4.0
2025-03-13 23:46:00+00:00,66.8499984741211,66.86000061035156,66.8499984741211,66.86000061035156,4.0
2025-03-13 23:47:00+00:00,66.83000183105469,66.8499984741211,66.83000183105469,66.8499984741211,7.0
2025-03-13 23:48:00+00:00,66.83999633789062,66.83999633789062,66.83999633789062,66.83999633789062,1.0
2025-03-13 23:49:00+00:00,66.8499984741211,66.8499984741211,66.8499984741211,66.8499984741211,9.0
2025-03-13 23:50:00+00:00,,,,,
2025-03-13 23:51:00+00:00,,,,,
2025-03-13 23:52:00+00:00,66.83000183105469,66.83999633789062,66.83000183105469,66.83999633789062,2.0
2025-03-13 23:53:00+00:00,66.83999633789062,66.83999633789062,66.83000183105469,66.83000183105469,4.0
2025-03-13 23:54:00+00:00,66.83999633789062,66.8499984741211,66.83999633789062,66.8499984741211,4.0
2025-03-13 23:55:00+00:00,66.83999633789062,66.83999633789062,66.83999633789062,66.83999633789062,2.0
2025-03-13 23:56:00+00:00,66.83999633789062,66.8499984741211,66.83999633789062,66.83999633789062,5.0
2025-03-13 23:57:00+00:00,66.83000183105469,66.83999633789062,66.81999969482422,66.83999633789062,15.0
2025-03-13 23:58:00+00:00,,,,,
2025-03-13 23:59:00+00:00,,,,,
2025-03-14 00:00:00+00:00,66.81999969482422,66.83999633789062,66.80000305175781,66.80000305175781,125.0
2025-03-14 00:01:00+00:00,66.7699966430664,66.81999969482422,66.7699966430664,66.81999969482422,47.0
2025-03-14 00:02:00+00:00,66.7699966430664,66.79000091552734,66.76000213623047,66.76000213623047,21.0
2025-03-14 00:03:00+00:00,66.77999877929688,66.77999877929688,66.77999877929688,66.77999877929688,10.0
2025-03-14 00:04:00+00:00,66.75,66.7699966430664,66.75,66.7699966430664,19.0
2025-03-14 00:05:00+00:00,66.77999877929688,66.77999877929688,66.7699966430664,66.7699966430664,10.0
2025-03-14 00:06:00+00:00,66.75,66.77999877929688,66.75,66.7699966430664,15.0
2025-03-14 00:07:00+00:00,66.75,66.75,66.75,66.75,13.0
2025-03-14 00:08:00+00:00,66.7300033569336,66.75,66.7300033569336,66.75,24.0
2025-03-14 00:09:00+00:00,66.73999786376953,66.76000213623047,66.73999786376953,66.76000213623047,10.0
2025-03-14 00:10:00+00:00,66.7300033569336,66.73999786376953,66.7300033569336,66.73999786376953,5.0
2025-03-14 00:11:00+00:00,66.69000244140625,66.7300033569336,66.69000244140625,66.7300033569336,64.0
2025-03-14 00:12:00+00:00,66.72000122070312,66.7300033569336,66.70999908447266,66.70999908447266,9.0
2025-03-14 00:13:00+00:00,66.7300033569336,66.75,66.7300033569336,66.7300033569336,29.0
2025-03-14 00:14:00+00:00,66.7300033569336,66.7300033569336,66.72000122070312,66.72000122070312,4.0
2025-03-14 00:15:00+00:00,66.7300033569336,66.75,66.7300033569336,66.73999786376953,29.0
2025-03-14 00:16:00+00:00,66.73999786376953,66.73999786376953,66.7300033569336,66.7300033569336,4.0
2025-03-14 00:17:00+00:00,66.7300033569336,66.75,66.7300033569336,66.75,9.0
2025-03-14 00:18:00+00:00,66.72000122070312,66.72000122070312,66.72000122070312,66.72000122070312,9.0
2025-03-14 00:19:00+00:00,66.72000122070312,66.72000122070312,66.70999908447266,66.72000122070312,12.0
2025-03-14 00:20:00+00:00,66.70999908447266,66.70999908447266,66.69999694824219,66.70999908447266,7.0
2025-03-14 00:21:00+00:00,66.70999908447266,66.70999908447266,66.70999908447266,66.70999908447266,1.0
2025-03-14 00:22:00+00:00,,,,,
2025-03-14 00:23:00+00:00,66.70999908447266,66.72000122070312,66.70999908447266,66.72000122070312,9.0
2025-03-14 00:24:00+00:00,66.72000122070312,66.72000122070312,66.72000122070312,66.72000122070312,1.0
2025-03-14 00:25:00+00:00,66.7300033569336,66.73999786376953,66.7300033569336,66.73999786376953,8.0
2025-03-14 00:26:00+00:00,66.72000122070312,66.7300033569336,66.70999908447266,66.7300033569336,17.0
2025-03-14 00:27:00+00:00,66.7300033569336,66.7300033569336,66.72000122070312,66.7300033569336,12.0
2025-03-14 00:28:00+00:00,66.7300033569336,66.73999786376953,66.7300033569336,66.73999786376953,47.0
2025-03-14 00:29:00+00:00,66.7300033569336,66.73999786376953,66.7300033569336,66.73999786376953,16.0
2025-03-14 00:30:00+00:00,66.7300033569336,66.7300033569336,66.7300033569336,66.7300033569336,6.0
2025-03-14 00:31:00+00:00,66.70999908447266,66.73999786376953,66.70999908447266,66.73999786376953,27.0
2025-03-14 00:32:00+00:00,66.7300033569336,66.7300033569336,66.7300033569336,66.7300033569336,1.0
2025-03-14 00:33:00+00:00,66.80000305175781,66.80000305175781,66.73999786376953,66.73999786376953,79.0
2025-03-14 00:34:00+00:00,66.80000305175781,66.80999755859375,66.80000305175781,66.80000305175781,19.0
2025-03-14 00:35:00+00:00,66.80000305175781,66.80000305175781,66.80000305175781,66.80000305175781,1.0
2025-03-14 00:36:00+00:00,66.81999969482422,66.83999633789062,66.81999969482422,66.83999633789062,80.0
2025-03-14 00:37:00+00:00,66.81999969482422,66.83000183105469,66.80999755859375,66.83000183105469,19.0
2025-03-14 00:38:00+00:00,66.80999755859375,66.80999755859375,66.80999755859375,66.80999755859375,3.0
2025-03-14 00:39:00+00:00,66.83000183105469,66.83000183105469,66.80999755859375,66.80999755859375,11.0
2025-03-14 00:40:00+00:00,66.8499984741211,66.8499984741211,66.83000183105469,66.83000183105469,10.0
2025-03-14 00:41:00+00:00,66.83999633789062,66.8499984741211,66.83999633789062,66.8499984741211,24.0
2025-03-14 00:42:00+00:00,66.8499984741211,66.86000061035156,66.8499984741211,66.86000061035156,14.0
2025-03-14 00:43:00+00:00,66.8499984741211,66.86000061035156,66.8499984741211,66.8499984741211,8.0
2025-03-14 00:44:00+00:00,66.83000183105469,66.83999633789062,66.83000183105469,66.83999633789062,23.0
2025-03-14 00:45:00+00:00,66.83999633789062,66.86000061035156,66.83000183105469,66.83999633789062,33.0
2025-03-14 00:46:00+00:00,66.8499984741211,66.8499984741211,66.83000183105469,66.83000183105469,49.0
2025-03-14 00:47:00+00:00,66.8499984741211,66.8499984741211,66.8499984741211,66.8499984741211,3.0
2025-03-14 00:48:00+00:00,66.86000061035156,66.86000061035156,66.86000061035156,66.86000061035156,8.0
2025-03-14 00:49:00+00:00,66.87999725341797,66.87999725341797,66.86000061035156,66.86000061035156,19.0
2025-03-14 00:50:00+00:00,66.86000061035156,66.87999725341797,66.86000061035156,66.87999725341797,25.0
2025-03-14 00:51:00+00:00,66.8499984741211,66.86000061035156,66.8499984741211,66.86000061035156,15.0
2025-03-14 00:52:00+00:00,66.8499984741211,66.86000061035156,66.83999633789062,66.8499984741211,14.0
2025-03-14 00:53:00+00:00,66.8499984741211,66.8499984741211,66.8499984741211,66.8499984741211,1.0
2025-03-14 00:54:00+00:00,66.8499984741211,66.8499984741211,66.8499984741211,66.8499984741211,6.0
2025-03-14 00:55:00+00:00,66.83999633789062,66.83999633789062,66.83000183105469,66.83999633789062,7.0
2025-03-14 00:56:00+00:00,66.83999633789062,66.83999633789062,66.83999633789062,66.83999633789062,3.0
2025-03-14 00:57:00+00:00,66.83999633789062,66.83999633789062,66.83999633789062,66.83999633789062,4.0
2025-03-14 00:58:00+00:00,66.83999633789062,66.8499984741211,66.83999633789062,66.8499984741211,8.0
2025-03-14 00:59:00+00:00,66.83000183105469,66.83999633789062,66.83000183105469,66.83999633789062,19.0
2025-03-14 01:00:00+00:00,66.83000183105469,66.87000274658203,66.81999969482422,66.8499984741211,64.0
2025-03-14 01:01:00+00:00,66.83000183105469,66.8499984741211,66.83000183105469,66.83000183105469,35.0
2025-03-14 01:02:00+00:00,66.8499984741211,66.86000061035156,66.8499984741211,66.8499984741211,34.0
2025-03-14 01:03:00+00:00,66.80999755859375,66.8499984741211,66.80999755859375,66.8499984741211,32.0
2025-03-14 01:04:00+00:00,66.77999877929688,66.80999755859375,66.77999877929688,66.80999755859375,21.0
2025-03-14 01:05:00+00:00,66.73999786376953,66.77999877929688,66.73999786376953,66.77999877929688,471.0
2025-03-14 01:06:00+00:00,66.7699966430664,66.7699966430664,66.75,66.75,26.0
2025-03-14 01:07:00+00:00,66.79000091552734,66.79000091552734,66.7699966430664,66.77999877929688,22.0
2025-03-14 01:08:00+00:00,66.77999877929688,66.79000091552734,66.77999877929688,66.79000091552734,11.0
2025-03-14 01:09:00+00:00,66.79000091552734,66.80000305175781,66.77999877929688,66.77999877929688,9.0
2025-03-14 01:10:00+00:00,66.80000305175781,66.80000305175781,66.79000091552734,66.79000091552734,8.0
2025-03-14 01:11:00+00:00,66.77999877929688,66.80000305175781,66.77999877929688,66.80000305175781,6.0
2025-03-14 01:12:00+00:00,66.83000183105469,66.83000183105469,66.80999755859375,66.80999755859375,18.0
2025-03-14 01:13:00+00:00,66.83999633789062,66.83999633789062,66.83000183105469,66.83999633789062,16.0
2025-03-14 01:14:00+00:00,66.87000274658203,66.87000274658203,66.8499984741211,66.8499984741211,15.0
2025-03-14 01:15:00+00:00,66.83999633789062,66.87000274658203,66.83999633789062,66.86000061035156,32.0
2025-03-14 01:16:00+00:00,66.83999633789062,66.83999633789062,66.83999633789062,66.83999633789062,9.0
2025-03-14 01:17:00+00:00,66.83999633789062,66.86000061035156,66.83999633789062,66.83999633789062,21.0
2025-03-14 01:18:00+00:00,66.8499984741211,66.8499984741211,66.83000183105469,66.83999633789062,16.0
2025-03-14 01:19:00+00:00,66.83000183105469,66.83999633789062,66.81999969482422,66.83999633789062,11.0
2025-03-14 01:20:00+00:00,66.8499984741211,66.8499984741211,66.83999633789062,66.83999633789062,6.0
2025-03-14 01:21:00+00:00,66.86000061035156,66.86000061035156,66.8499984741211,66.8499984741211,9.0
2025-03-14 01:22:00+00:00,66.86000061035156,66.87000274658203,66.8499984741211,66.87000274658203,12.0
2025-03-14 01:23:00+00:00,66.87000274658203,66.87000274658203,66.8499984741211,66.8499984741211,9.0
2025-03-14 01:24:00+00:00,66.86000061035156,66.87000274658203,66.86000061035156,66.87000274658203,10.0
2025-03-14 01:25:00+00:00,66.83999633789062,66.86000061035156,66.83999633789062,66.86000061035156,13.0
2025-03-14 01:26:00+00:00,66.83000183105469,66.83000183105469,66.83000183105469,66.83000183105469,3.0
2025-03-14 01:27:00+00:00,66.83999633789062,66.83999633789062,66.83999633789062,66.83999633789062,2.0
2025-03-14 01:28:00+00:00,66.8499984741211,66.8499984741211,66.83999633789062,66.83999633789062,6.0
2025-03-14 01:29:00+00:00,66.81999969482422,66.83999633789062,66.81999969482422,66.83999633789062,6.0
2025-03-14 01:30:00+00:00,66.76000213623047,66.80999755859375,66.76000213623047,66.80999755859375,55.0
2025-03-14 01:31:00+00:00,66.75,66.76000213623047,66.70999908447266,66.75,48.0
2025-03-14 01:32:00+00:00,66.79000091552734,66.79000091552734,66.77999877929688,66.77999877929688,3.0
2025-03-14 01:33:00+00:00,66.77999877929688,66.80000305175781,66.77999877929688,66.79000091552734,14.0
2025-03-14 01:34:00+00:00,66.76000213623047,66.79000091552734,66.75,66.77999877929688,23.0
2025-03-14 01:35:00+00:00,66.7699966430664,66.77999877929688,66.76000213623047,66.7699966430664,13.0
2025-03-14 01:36:00+00:00,66.77999877929688,66.79000091552734,66.7699966430664,66.7699966430664,25.0
2025-03-14 01:37:00+00:00,66.77999877929688,66.80000305175781,66.77999877929688,66.79000091552734,14.0
2025-03-14 01:38:00+00:00,66.80000305175781,66.80000305175781,66.77999877929688,66.77999877929688,30.0
2025-03-14 01:39:00+00:00,66.79000091552734,66.80000305175781,66.7699966430664,66.80000305175781,259.0
2025-03-14 01:40:00+00:00,66.80999755859375,66.80999755859375,66.79000091552734,66.79000091552734,111.0
2025-03-14 01:41:00+00:00,66.8499984741211,66.86000061035156,66.81999969482422,66.81999969482422,37.0
2025-03-14 01:42:00+00:00,66.87000274658203,66.87999725341797,66.86000061035156,66.86000061035156,59.0
2025-03-14 01:43:00+00:00,66.83999633789062,66.87000274658203,66.83999633789062,66.87000274658203,24.0
2025-03-14 01:44:00+00:00,66.83999633789062,66.8499984741211,66.83999633789062,66.8499984741211,22.0
2025-03-14 01:45:00+00:00,66.83999633789062,66.83999633789062,66.83999633789062,66.83999633789062,10.0
2025-03-14 01:46:00+00:00,66.80999755859375,66.83000183105469,66.80999755859375,66.83000183105469,15.0
2025-03-14 01:47:00+00:00,66.80999755859375,66.80999755859375,66.80000305175781,66.80000305175781,16.0
2025-03-14 01:48:00+00:00,66.80999755859375,66.80999755859375,66.80000305175781,66.80999755859375,9.0
2025-03-14 01:49:00+00:00,66.80000305175781,66.80999755859375,66.80000305175781,66.80999755859375,10.0
2025-03-14 01:50:00+00:00,66.81999969482422,66.81999969482422,66.80000305175781,66.80999755859375,6.0
2025-03-14 01:51:00+00:00,66.8499984741211,66.8499984741211,66.83000183105469,66.83000183105469,12.0
2025-03-14 01:52:00+00:00,66.8499984741211,66.86000061035156,66.8499984741211,66.8499984741211,26.0
2025-03-14 01:53:00+00:00,66.87999725341797,66.87999725341797,66.8499984741211,66.8499984741211,61.0
2025-03-14 01:54:00+00:00,66.87999725341797,66.9000015258789,66.87000274658203,66.88999938964844,39.0
2025-03-14 01:55:00+00:00,66.87999725341797,66.87999725341797,66.87999725341797,66.87999725341797,9.0
2025-03-14 01:56:00+00:00,66.88999938964844,66.88999938964844,66.87000274658203,66.87999725341797,14.0
2025-03-14 01:57:00+00:00,66.87999725341797,66.88999938964844,66.87999725341797,66.88999938964844,11.0
2025-03-14 01:58:00+00:00,66.87999725341797,66.88999938964844,66.87999725341797,66.88999938964844,40.0
2025-03-14 01:59:00+00:00,66.88999938964844,66.91000366210938,66.88999938964844,66.88999938964844,35.0
2025-03-14 02:00:00+00:00,66.88999938964844,66.88999938964844,66.87999725341797,66.88999938964844,19.0
2025-03-14 02:01:00+00:00,66.87000274658203,66.9000015258789,66.87000274658203,66.9000015258789,20.0
2025-03-14 02:02:00+00:00,66.87000274658203,66.87999725341797,66.87000274658203,66.87000274658203,13.0
2025-03-14 02:03:00+00:00,66.88999938964844,66.88999938964844,66.86000061035156,66.86000061035156,10.0
2025-03-14 02:04:00+00:00,66.87999725341797,66.87999725341797,66.87999725341797,66.87999725341797,4.0
2025-03-14 02:05:00+00:00,66.87999725341797,66.87999725341797,66.86000061035156,66.87000274658203,9.0
2025-03-14 02:06:00+00:00,,,,,
2025-03-14 02:07:00+00:00,66.87999725341797,66.87999725341797,66.87999725341797,66.87999725341797,4.0
2025-03-14 02:08:00+00:00,66.87000274658203,66.88999938964844,66.87000274658203,66.88999938964844,14.0
2025-03-14 02:09:00+00:00,66.87999725341797,66.87999725341797,66.87999725341797,66.87999725341797,7.0
2025-03-14 02:10:00+00:00,66.9000015258789,66.91999816894531,66.87999725341797,66.87999725341797,40.0
2025-03-14 02:11:00+00:00,66.91000366210938,66.91000366210938,66.9000015258789,66.9000015258789,15.0
2025-03-14 02:12:00+00:00,66.9000015258789,66.91000366210938,66.88999938964844,66.91000366210938,26.0
2025-03-14 02:13:00+00:00,66.91999816894531,66.91999816894531,66.9000015258789,66.9000015258789,13.0
2025-03-14 02:14:00+00:00,66.94999694824219,66.95999908447266,66.91000366210938,66.91000366210938,69.0
2025-03-14 02:15:00+00:00,66.95999908447266,66.95999908447266,66.94999694824219,66.94999694824219,33.0
2025-03-14 02:16:00+00:00,66.94999694824219,66.95999908447266,66.94999694824219,66.94999694824219,9.0
2025-03-14 02:17:00+00:00,66.94000244140625,66.94000244140625,66.94000244140625,66.94000244140625,7.0
2025-03-14 02:18:00+00:00,66.97000122070312,66.97000122070312,66.94000244140625,66.94000244140625,35.0
2025-03-14 02:19:00+00:00,66.94999694824219,66.97000122070312,66.94999694824219,66.95999908447266,15.0
2025-03-14 02:20:00+00:00,66.95999908447266,66.97000122070312,66.94999694824219,66.95999908447266,36.0
2025-03-14 02:21:00+00:00,66.94999694824219,66.94999694824219,66.93000030517578,66.94999694824219,33.0
2025-03-14 02:22:00+00:00,66.94999694824219,66.94999694824219,66.94999694824219,66.94999694824219,7.0
2025-03-14 02:23:00+00:00,66.94999694824219,66.95999908447266,66.94999694824219,66.95999908447266,27.0
2025-03-14 02:24:00+00:00,,,,,
2025-03-14 02:25:00+00:00,66.93000030517578,66.94000244140625,66.93000030517578,66.94000244140625,12.0
2025-03-14 02:26:00+00:00,66.93000030517578,66.93000030517578,66.91999816894531,66.93000030517578,13.0
2025-03-14 02:27:00+00:00,66.94999694824219,66.94999694824219,66.93000030517578,66.93000030517578,19.0
2025-03-14 02:28:00+00:00,66.94999694824219,66.94999694824219,66.94999694824219,66.94999694824219,7.0
2025-03-14 02:29:00+00:00,66.94999694824219,66.94999694824219,66.94999694824219,66.94999694824219,11.0
2025-03-14 02:30:00+00:00,66.94999694824219,66.94999694824219,66.94999694824219,66.94999694824219,15.0
2025-03-14 02:31:00+00:00,66.94999694824219,66.95999908447266,66.94999694824219,66.95999908447266,21.0
2025-03-14 02:32:00+00:00,66.94999694824219,66.94999694824219,66.94999694824219,66.94999694824219,6.0
2025-03-14 02:33:00+00:00,66.94999694824219,66.94999694824219,66.94999694824219,66.94999694824219,1.0
2025-03-14 02:34:00+00:00,66.95999908447266,66.95999908447266,66.94000244140625,66.94999694824219,8.0
2025-03-14 02:35:00+00:00,66.94999694824219,66.94999694824219,66.94999694824219,66.94999694824219,13.0
2025-03-14 02:36:00+00:00,66.97000122070312,66.97000122070312,66.94999694824219,66.94999694824219,26.0
2025-03-14 02:37:00+00:00,66.9800033569336,66.98999786376953,66.97000122070312,66.97000122070312,30.0
2025-03-14 02:38:00+00:00,66.98999786376953,67.0,66.97000122070312,66.9800033569336,125.0
2025-03-14 02:39:00+00:00,67.0199966430664,67.0199966430664,67.0,67.0,44.0
2025-03-14 02:40:00+00:00,67.0,67.01000213623047,67.0,67.01000213623047,14.0
2025-03-14 02:41:00+00:00,67.0,67.0,67.0,67.0,13.0
2025-03-14 02:42:00+00:00,66.97000122070312,66.98999786376953,66.95999908447266,66.98999786376953,22.0
2025-03-14 02:43:00+00:00,66.9800033569336,66.9800033569336,66.97000122070312,66.97000122070312,45.0
2025-03-14 02:44:00+00:00,66.97000122070312,66.98999786376953,66.97000122070312,66.98999786376953,14.0
2025-03-14 02:45:00+00:00,,,,,
2025-03-14 02:46:00+00:00,66.97000122070312,66.97000122070312,66.97000122070312,66.97000122070312,15.0
2025-03-14 02:47:00+00:00,66.95999908447266,66.97000122070312,66.95999908447266,66.97000122070312,23.0
2025-03-14 02:48:00+00:00,66.97000122070312,66.97000122070312,66.97000122070312,66.97000122070312,3.0
2025-03-14 02:49:00+00:00,66.9800033569336,66.9800033569336,66.97000122070312,66.9800033569336,17.0
2025-03-14 02:50:00+00:00,66.95999908447266,66.97000122070312,66.95999908447266,66.97000122070312,8.0
2025-03-14 02:51:00+00:00,66.95999908447266,66.97000122070312,66.95999908447266,66.97000122070312,75.0
2025-03-14 02:52:00+00:00,66.98999786376953,66.98999786376953,66.97000122070312,66.97000122070312,36.0
2025-03-14 02:53:00+00:00,66.98999786376953,66.98999786376953,66.98999786376953,66.98999786376953,3.0
2025-03-14 02:54:00+00:00,66.98999786376953,67.0,66.98999786376953,67.0,13.0
2025-03-14 02:55:00+00:00,66.9800033569336,66.98999786376953,66.9800033569336,66.98999786376953,18.0
2025-03-14 02:56:00+00:00,66.98999786376953,67.01000213623047,66.98999786376953,66.98999786376953,58.0
2025-03-14 02:57:00+00:00,67.0,67.0,66.98999786376953,66.98999786376953,6.0
2025-03-14 02:58:00+00:00,67.0,67.0,67.0,67.0,12.0
2025-03-14 02:59:00+00:00,67.0,67.0,67.0,67.0,6.0
2025-03-14 03:00:00+00:00,67.02999877929688,67.02999877929688,67.0,67.0,37.0
2025-03-14 03:01:00+00:00,67.04000091552734,67.05999755859375,67.0199966430664,67.0199966430664,64.0
2025-03-14 03:02:00+00:00,67.04000091552734,67.04000091552734,67.0199966430664,67.04000091552734,19.0
2025-03-14 03:03:00+00:00,67.05999755859375,67.06999969482422,67.05999755859375,67.05999755859375,29.0
2025-03-14 03:04:00+00:00,67.05000305175781,67.05999755859375,67.05000305175781,67.05999755859375,6.0
2025-03-14 03:05:00+00:00,67.05999755859375,67.08000183105469,67.05999755859375,67.06999969482422,13.0
2025-03-14 03:06:00+00:00,67.06999969482422,67.06999969482422,67.05999755859375,67.05999755859375,28.0
2025-03-14 03:07:00+00:00,67.0999984741211,67.0999984741211,67.06999969482422,67.06999969482422,51.0
2025-03-14 03:08:00+00:00,67.08000183105469,67.08999633789062,67.08000183105469,67.08999633789062,6.0
2025-03-14 03:09:00+00:00,67.08000183105469,67.08999633789062,67.08000183105469,67.08000183105469,11.0
2025-03-14 03:10:00+00:00,67.08999633789062,67.0999984741211,67.08999633789062,67.0999984741211,20.0
2025-03-14 03:11:00+00:00,67.08000183105469,67.0999984741211,67.08000183105469,67.0999984741211,33.0
2025-03-14 03:12:00+00:00,67.08000183105469,67.08000183105469,67.06999969482422,67.06999969482422,7.0
2025-03-14 03:13:00+00:00,67.08000183105469,67.08999633789062,67.08000183105469,67.08000183105469,32.0
2025-03-14 03:14:00+00:00,67.08999633789062,67.08999633789062,67.08000183105469,67.08000183105469,34.0
2025-03-14 03:15:00+00:00,67.08999633789062,67.0999984741211,67.08999633789062,67.08999633789062,9.0
2025-03-14 03:16:00+00:00,67.11000061035156,67.12999725341797,67.08999633789062,67.08999633789062,47.0
2025-03-14 03:17:00+00:00,67.11000061035156,67.11000061035156,67.0999984741211,67.0999984741211,15.0
2025-03-14 03:18:00+00:00,67.12999725341797,67.12999725341797,67.11000061035156,67.11000061035156,14.0
2025-03-14 03:19:00+00:00,67.08999633789062,67.13999938964844,67.04000091552734,67.12999725341797,486.0
2025-03-14 03:20:00+00:00,67.0999984741211,67.0999984741211,67.08999633789062,67.0999984741211,42.0
2025-03-14 03:21:00+00:00,67.12000274658203,67.12999725341797,67.0999984741211,67.0999984741211,50.0
2025-03-14 03:22:00+00:00,67.11000061035156,67.12999725341797,67.11000061035156,67.12999725341797,26.0
2025-03-14 03:23:00+00:00,67.08999633789062,67.11000061035156,67.08999633789062,67.11000061035156,23.0
2025-03-14 03:24:00+00:00,67.08999633789062,67.0999984741211,67.08999633789062,67.0999984741211,24.0
2025-03-14 03:25:00+00:00,67.08000183105469,67.0999984741211,67.08000183105469,67.0999984741211,14.0
2025-03-14 03:26:00+00:00,67.08000183105469,67.08999633789062,67.08000183105469,67.08999633789062,12.0
2025-03-14 03:27:00+00:00,67.05000305175781,67.06999969482422,67.05000305175781,67.06999969482422,44.0
2025-03-14 03:28:00+00:00,67.04000091552734,67.05000305175781,67.04000091552734,67.05000305175781,5.0
2025-03-14 03:29:00+00:00,67.05999755859375,67.05999755859375,67.05000305175781,67.05000305175781,13.0
2025-03-14 03:30:00+00:00,67.08000183105469,67.08999633789062,67.06999969482422,67.06999969482422,28.0
2025-03-14 03:31:00+00:00,67.05999755859375,67.08999633789062,67.05999755859375,67.08999633789062,25.0
2025-03-14 03:32:00+00:00,67.05999755859375,67.06999969482422,67.05000305175781,67.05999755859375,29.0
2025-03-14 03:33:00+00:00,67.05000305175781,67.05999755859375,67.05000305175781,67.05999755859375,14.0
2025-03-14 03:34:00+00:00,67.05999755859375,67.05999755859375,67.05000305175781,67.05000305175781,5.0
2025-03-14 03:35:00+00:00,67.05999755859375,67.05999755859375,67.05999755859375,67.05999755859375,7.0
2025-03-14 03:36:00+00:00,67.05999755859375,67.06999969482422,67.05999755859375,67.06999969482422,7.0
2025-03-14 03:37:00+00:00,67.05000305175781,67.05999755859375,67.04000091552734,67.05999755859375,25.0
2025-03-14 03:38:00+00:00,67.05999755859375,67.05999755859375,67.05000305175781,67.05000305175781,16.0
2025-03-14 03:39:00+00:00,67.05999755859375,67.05999755859375,67.05999755859375,67.05999755859375,6.0
2025-03-14 03:40:00+00:00,67.05000305175781,67.06999969482422,67.05000305175781,67.06999969482422,8.0
2025-03-14 03:41:00+00:00,67.05000305175781,67.05000305175781,67.05000305175781,67.05000305175781,4.0
2025-03-14 03:42:00+00:00,67.05000305175781,67.05999755859375,67.04000091552734,67.05999755859375,15.0
2025-03-14 03:43:00+00:00,67.05000305175781,67.05000305175781,67.04000091552734,67.05000305175781,12.0
2025-03-14 03:44:00+00:00,67.04000091552734,67.04000091552734,67.04000091552734,67.04000091552734,1.0
2025-03-14 03:45:00+00:00,67.04000091552734,67.04000091552734,67.04000091552734,67.04000091552734,19.0
2025-03-14 03:46:00+00:00,67.04000091552734,67.05000305175781,67.04000091552734,67.05000305175781,15.0
2025-03-14 03:47:00+00:00,67.01000213623047,67.02999877929688,67.01000213623047,67.02999877929688,51.0
2025-03-14 03:48:00+00:00,66.9800033569336,67.0199966430664,66.9800033569336,67.01000213623047,38.0
2025-03-14 03:49:00+00:00,67.0,67.0,66.9800033569336,66.9800033569336,48.0
2025-03-14 03:50:00+00:00,66.9800033569336,67.0,66.9800033569336,67.0,33.0
2025-03-14 03:51:00+00:00,66.98999786376953,66.98999786376953,66.97000122070312,66.98999786376953,8.0
2025-03-14 03:52:00+00:00,67.0,67.0,67.0,67.0,5.0
2025-03-14 03:53:00+00:00,66.98999786376953,67.0,66.98999786376953,67.0,8.0
2025-03-14 03:54:00+00:00,67.0,67.0,66.98999786376953,66.98999786376953,5.0
2025-03-14 03:55:00+00:00,67.0199966430664,67.0199966430664,67.01000213623047,67.01000213623047,15.0
2025-03-14 03:56:00+00:00,67.01000213623047,67.01000213623047,67.01000213623047,67.01000213623047,16.0
2025-03-14 03:57:00+00:00,67.0199966430664,67.0199966430664,67.01000213623047,67.01000213623047,5.0
2025-03-14 03:58:00+00:00,67.01000213623047,67.0199966430664,67.01000213623047,67.0199966430664,25.0
